nm, %T_slow_20171215, %T_fast_20171215, E1_fast_20171215, E1_empty_fast_20171215,result_fast_20171215, E1_slow_20171215, E1_empty_slow_20171215,result_slow_20171215, %T_fast_20171218, %T_slow_20171218, E1_fast_20171218, E1_empty_fast_20171218,result_fast_20171218
850,73.583078,72.575901,0.2046,0.2844,71.94092827,0.2078,0.2862,72.60656883,73.237216,72.86627,0.1744,0.2362,73.8357324301
849,73.975109,73.292406,0.2229,0.2978,74.84889187,0.2213,0.3068,72.13168188,74.205267,73.293256,0.1888,0.2574,73.3488733489
848,73.909127,73.072509,0.2324,0.3197,72.69314983,0.2374,0.3267,72.66605448,74.752086,73.922526,0.2026,0.2791,72.5904693658
847,74.014043,73.411544,0.2503,0.3443,72.69822829,0.2541,0.3496,72.68306636,74.007881,73.541986,0.2183,0.305,71.5737704918
846,73.589548,73.562768,0.2658,0.3699,71.85725872,0.2712,0.3722,72.86405159,73.828751,73.447747,0.2388,0.3223,74.0924604406
845,73.784773,73.135358,0.2875,0.3888,73.94547325,0.2889,0.3972,72.73413897,74.376208,73.201799,0.2513,0.3482,72.1711659966
844,73.84785,73.433222,0.3004,0.4126,72.80659234,0.3049,0.4209,72.4400095,73.991944,73.719053,0.2698,0.3719,72.5463834364
843,73.897923,73.316921,0.3172,0.4381,72.40356083,0.3223,0.445,72.42696629,73.944688,73.560561,0.2888,0.4011,72.0019945151
842,73.724068,73.298948,0.3376,0.4599,73.40726245,0.34,0.4667,72.85193915,73.729672,73.517351,0.3089,0.4206,73.4427009035
841,74.092779,73.466647,0.3548,0.4805,73.83975026,0.3566,0.4912,72.59771987,73.700432,73.186726,0.3245,0.4466,72.6600985222
840,73.783063,72.847969,0.3669,0.5055,72.58160237,0.3733,0.5144,72.56998445,73.803878,73.250803,0.3424,0.4731,72.3737053477
839,73.128971,72.946756,0.3819,0.5309,71.93445093,0.3903,0.5367,72.72219117,73.438911,73.240323,0.3641,0.5006,72.7327207351
838,73.314835,73.250407,0.4023,0.5489,73.29203862,0.4053,0.5582,72.60838409,73.624612,72.913257,0.3822,0.5209,73.3730082549
837,73.346956,73.1559,0.4158,0.5688,73.10126582,0.4187,0.5782,72.41438948,73.274808,73.501266,0.3971,0.5478,72.4899598394
836,73.555672,73.062987,0.4272,0.5907,72.32097511,0.4354,0.5982,72.78502173,73.423248,73.363438,0.4142,0.5739,72.1728524133
835,73.390034,72.936696,0.4423,0.6115,72.33033524,0.4494,0.6188,72.62443439,73.341973,73.317348,0.4326,0.595,72.7058823529
834,73.49359,72.902505,0.4587,0.6251,73.38025916,0.4636,0.6372,72.75580665,73.407155,72.887475,0.4502,0.6169,72.9777921867
833,73.638108,72.585003,0.4683,0.6443,72.68353252,0.4745,0.6542,72.53133598,73.02263,73.251859,0.4633,0.6387,72.537967747
832,73.711114,72.829618,0.4781,0.661,72.32980333,0.4865,0.6713,72.4713243,73.46039,73.331575,0.4777,0.6594,72.4446466485
831,73.402421,72.864346,0.4943,0.6783,72.87335987,0.4966,0.6872,72.26426077,73.136492,73.155925,0.4951,0.6777,73.0559244503
830,73.420652,72.428092,0.5079,0.6896,73.65139211,0.5087,0.7018,72.48503847,73.181926,73.117128,0.5061,0.695,72.8201438849
829,73.296014,72.500548,0.514,0.7059,72.8148463,0.5213,0.7163,72.77676951,73.33769,72.766554,0.5188,0.713,72.762973352
828,73.435239,72.917422,0.5247,0.7206,72.8143214,0.5286,0.7298,72.43080296,72.957162,72.934561,0.5316,0.7316,72.6626571897
827,73.568968,72.897348,0.5334,0.7331,72.75951439,0.5384,0.7413,72.62916498,72.888735,72.982437,0.5456,0.7434,73.3925208501
826,73.298879,72.498763,0.5446,0.7411,73.4853596,0.5458,0.7535,72.43530192,73.438645,72.868049,0.5505,0.7608,72.358044164
825,73.335505,72.694989,0.5491,0.7528,72.94102019,0.5543,0.7653,72.42911277,72.905396,72.955424,0.5637,0.7757,72.6698465902
824,73.400135,72.732181,0.5563,0.7677,72.46320177,0.5624,0.7756,72.51160392,73.42641,72.829821,0.5712,0.7914,72.1758908264
823,73.46587,72.853015,0.5668,0.7746,73.17325071,0.5691,0.7852,72.47834947,73.001014,72.920332,0.5824,0.7998,72.8182045511
822,73.31366,72.535888,0.5737,0.7841,73.16668792,0.5775,0.7958,72.56848454,72.674632,72.938117,0.5873,0.8092,72.5778546713
821,73.313577,72.444646,0.575,0.7931,72.50031522,0.5827,0.8044,72.43908503,72.857854,72.803341,0.5989,0.8261,72.4972763588
820,73.080601,72.329484,0.583,0.8028,72.62082711,0.5887,0.813,72.41082411,72.958285,72.770345,0.6083,0.8368,72.6935946463
819,73.109323,72.560916,0.5907,0.8064,73.2514881,0.5953,0.8209,72.51796808,73.013415,72.874472,0.6132,0.8427,72.7661089356
818,73.176056,72.54673,0.595,0.8174,72.79177881,0.6002,0.8295,72.35684147,72.854585,72.834654,0.6182,0.8526,72.5076237392
817,73.222432,72.448748,0.5981,0.8255,72.45305875,0.6066,0.8365,72.51643754,73.071121,72.72847,0.6261,0.8641,72.4568915635
816,73.283702,72.627464,0.6038,0.8347,72.33736672,0.6111,0.8436,72.43954481,72.719591,73.027315,0.6333,0.8721,72.6178190574
815,73.309153,72.549838,0.6122,0.8354,73.28226,0.6156,0.85,72.42352941,73.010857,72.821919,0.6391,0.8777,72.8153127492
814,73.482957,72.411115,0.6148,0.8447,72.78323665,0.6197,0.8569,72.31882367,72.810975,72.734465,0.6444,0.8882,72.5512272011
813,73.331383,72.328616,0.6172,0.8535,72.31400117,0.6261,0.8633,72.52403568,72.918768,72.757858,0.6497,0.8989,72.2772277228
812,73.10105,72.605015,0.6246,0.8592,72.69553073,0.63,0.8696,72.44710212,72.88077,72.741796,0.6573,0.9014,72.9199023741
811,73.202708,72.2943,0.6418,0.8776,73.13126709,0.6451,0.8906,72.43431395,72.602674,72.891319,0.6696,0.9222,72.6089785296
810,73.363153,72.399434,0.7058,0.9726,72.56837343,0.7113,0.9821,72.42643315,72.672431,72.619621,0.7329,1.0133,72.3280371065
809,73.2618,72.4121,0.7151,0.9802,72.95449908,0.7204,0.9952,72.38745981,72.824095,72.800367,0.7478,1.0243,73.0059552865
808,73.364071,72.248825,0.7249,0.9933,72.97895903,0.7293,1.0088,72.29381443,72.854949,72.814359,0.7538,1.038,72.6204238921
807,73.176847,72.382737,0.731,1.0095,72.41208519,0.7404,1.0231,72.36829244,72.979781,72.80038,0.7651,1.0561,72.4457911183
806,73.089786,72.409684,0.7427,1.0245,72.49389946,0.7493,1.0358,72.34022012,72.998256,72.688563,0.779,1.0735,72.5663716814
805,73.224127,72.406622,0.7543,1.0365,72.77375784,0.7608,1.0518,72.33314318,72.637619,72.756845,0.7877,1.0847,72.6191573707
804,73.060403,72.310355,0.7655,1.0512,72.82153729,0.7715,1.0671,72.29875363,72.863469,72.860604,0.7987,1.1022,72.4641625839
803,73.185501,72.56944,0.776,1.0678,72.67278517,0.7828,1.0815,72.38095238,72.882926,72.65644,0.8108,1.1202,72.379932155
802,73.160197,72.395726,0.7883,1.0843,72.70128193,0.7937,1.098,72.2859745,72.784449,72.669292,0.8237,1.1366,72.4705261306
801,73.212067,72.40556,0.8004,1.0956,73.0558598,0.8053,1.114,72.28904847,72.803407,72.669606,0.8336,1.1495,72.5184862984
800,73.171016,72.373998,0.8088,1.114,72.6032316,0.8172,1.1297,72.33778879,72.765193,72.738746,0.8458,1.1673,72.4578086182
799,73.091135,72.385037,0.8201,1.1341,72.31284719,0.8295,1.1454,72.42011524,72.921686,72.611965,0.8587,1.187,72.3420387532
798,73.248048,72.324651,0.8333,1.1477,72.60608173,0.8434,1.1632,72.50687758,72.971371,72.632792,0.8734,1.2019,72.6682752309
797,73.118009,72.364161,0.8503,1.1647,73.00592427,0.855,1.1805,72.42693774,72.613749,72.908399,0.8851,1.2194,72.5848778088
796,73.126,72.504543,0.8577,1.1835,72.47148289,0.8681,1.1992,72.38992662,72.672112,72.677022,0.8974,1.2392,72.4176888315
795,73.050728,72.555544,0.872,1.2038,72.43728194,0.8806,1.2188,72.25139481,72.574618,72.640262,0.9132,1.2613,72.4014905256
794,73.217611,72.588208,0.8869,1.2195,72.72652727,0.8936,1.2377,72.19843258,72.667353,72.624603,0.9286,1.2762,72.7628898292
793,73.136513,72.351923,0.9022,1.239,72.81678773,0.9075,1.2558,72.26469183,72.492792,72.556546,0.9395,1.2959,72.4978779227
792,73.211147,72.32435,0.9126,1.2586,72.50913714,0.923,1.2767,72.29576251,72.673646,72.596785,0.954,1.3204,72.2508330809
791,73.153736,72.357439,0.9289,1.2809,72.51932235,0.9373,1.2967,72.28348886,72.709257,72.570555,0.9718,1.3428,72.3711647304
790,73.286526,72.366025,0.9446,1.3003,72.64477428,0.9524,1.3176,72.28293868,72.665511,72.638841,0.9858,1.3597,72.5012870486
789,73.040722,72.519461,0.9582,1.3216,72.50302663,0.9677,1.3383,72.30815213,72.943542,72.465523,0.9993,1.3819,72.3134814386
788,72.977432,72.683678,0.9715,1.3429,72.34343585,0.9829,1.3584,72.35718492,72.703252,72.607074,1.0183,1.405,72.4768683274
787,73.121624,72.404136,0.9909,1.3627,72.71593161,0.9984,1.3807,72.31114652,72.59588,72.797682,1.0341,1.4293,72.3501014483
786,72.974573,72.349683,1.0097,1.3842,72.94466118,1.0147,1.4049,72.22578119,72.803933,72.745109,1.0507,1.4512,72.4021499449
785,73.051233,72.508033,1.0224,1.4088,72.57240204,1.0306,1.4285,72.14560728,72.749268,72.611659,1.0656,1.4773,72.1315914168
784,72.954397,72.32925,1.0385,1.4353,72.35421166,1.0473,1.4523,72.11319975,72.622857,72.668783,1.0848,1.5018,72.233320016
783,73.03007,72.375187,1.0574,1.458,72.52400549,1.0657,1.4762,72.19211489,72.712583,72.594771,1.1042,1.5237,72.4683336615
782,73.096759,72.324742,1.0754,1.4805,72.63762242,1.0836,1.5007,72.20630372,72.505006,72.657736,1.121,1.548,72.4160206718
781,73.033804,72.265655,1.0908,1.5055,72.45433411,1.1026,1.5262,72.24479098,72.472474,72.579204,1.14,1.5747,72.3947418556
780,72.939584,72.219523,1.1096,1.5322,72.41874429,1.1192,1.5511,72.15524467,72.546084,72.446286,1.161,1.6046,72.3544808675
779,72.947441,72.155146,1.1281,1.5548,72.55595575,1.1385,1.5762,72.23068139,72.767714,72.415386,1.1808,1.6255,72.6422639188
778,72.901459,72.067583,1.148,1.5813,72.59849491,1.1576,1.602,72.25967541,72.587735,72.476182,1.1949,1.6548,72.2081218274
777,72.911844,72.336843,1.1636,1.6101,72.26880318,1.1771,1.6288,72.26792731,72.435072,72.522039,1.2169,1.6855,72.1981607832
776,72.959749,72.312456,1.186,1.6383,72.39211378,1.1974,1.6568,72.27184935,72.5303,72.562056,1.2398,1.7131,72.3717237756
775,72.925545,72.334506,1.2048,1.6642,72.39514481,1.2173,1.6855,72.22189261,72.499003,72.599412,1.2595,1.7404,72.3684210526
774,72.794196,72.250225,1.2262,1.6941,72.38061508,1.2376,1.7146,72.18010031,72.463402,72.623226,1.2781,1.7715,72.1478972622
773,72.973705,72.293413,1.2436,1.7258,72.0593348,1.2592,1.7436,72.21839872,72.303736,72.556933,1.3004,1.8025,72.1442441054
772,73.000629,72.135354,1.2689,1.7525,72.40513552,1.2806,1.774,72.18714769,72.375946,72.568149,1.3261,1.8349,72.2709684451
771,72.989121,72.221493,1.2916,1.7819,72.48442674,1.3016,1.8047,72.12279049,72.515518,72.509325,1.3458,1.8621,72.2732398904
770,72.965169,72.334337,1.3115,1.8133,72.32669718,1.3227,1.8345,72.10139002,72.552417,72.477646,1.3697,1.8951,72.2758693473
769,72.978666,72.435879,1.3322,1.8449,72.20987587,1.3446,1.8652,72.08878404,72.565183,72.428357,1.3949,1.9276,72.3645984644
768,73.04541,72.133207,1.3572,1.8746,72.39944521,1.3696,1.8972,72.19059667,72.62624,72.463621,1.417,1.9601,72.2922299883
767,72.971691,72.044054,1.3811,1.9057,72.47205751,1.3922,1.9301,72.13097767,72.497821,72.524587,1.438,1.9908,72.2322684348
766,72.824561,72.099076,1.4001,1.9389,72.2110475,1.4145,1.9606,72.14628175,72.368238,72.580604,1.4621,2.0244,72.2238688006
765,72.919147,72.147855,1.4225,1.9689,72.24846361,1.435,1.9912,72.06709522,72.46462,72.476212,1.4855,2.0592,72.1396658897
764,72.976783,72.040103,1.4468,1.9974,72.43416441,1.4576,2.0228,72.05853273,72.612835,72.430109,1.5103,2.0858,72.4086681369
763,72.889514,72.084587,1.4709,2.0312,72.41532099,1.4828,2.0547,72.16625298,72.572632,72.484916,1.5321,2.1185,72.3200377626
762,72.888184,72.039115,1.4945,2.0678,72.27488152,1.5074,2.0908,72.09680505,72.540789,72.486699,1.5586,2.1583,72.214242691
761,72.800258,72.109658,1.5172,2.1008,72.22010663,1.5313,2.1242,72.0883156,72.467623,72.440568,1.5832,2.1931,72.1900506133
760,72.772449,71.976341,1.5433,2.134,72.31958763,1.5569,2.1593,72.10207012,72.610766,72.470993,1.6092,2.2252,72.3170950926
759,72.719886,72.082966,1.5735,2.1769,72.28168496,1.5865,2.2023,72.03832357,72.581439,72.497384,1.6399,2.2704,72.2295630726
758,72.716771,72.163793,1.6032,2.2215,72.16745442,1.619,2.2465,72.06766081,72.625956,72.431816,1.6735,2.3157,72.2675648832
757,72.768603,72.087687,1.6323,2.2617,72.17137551,1.6482,2.2869,72.07136298,72.466193,72.285411,1.705,2.3592,72.2702611055
756,72.794861,72.159163,1.6626,2.2985,72.33413095,1.6766,2.3251,72.10872651,72.417873,72.295722,1.732,2.3984,72.2148098732
755,72.819641,72.131768,1.689,2.3371,72.26905139,1.7042,2.3657,72.03787462,72.447749,72.382695,1.7589,2.4401,72.0831113479
754,72.741456,72.161729,1.7149,2.3791,72.0818797,1.7315,2.4066,71.9479764,72.496246,72.427963,1.7923,2.4825,72.1973816717
753,72.768399,72.016742,1.7479,2.4194,72.24518476,1.7615,2.4469,71.98904737,72.480964,72.427505,1.8221,2.523,72.2195798652
752,72.774405,71.951832,1.7781,2.4598,72.28636475,1.7911,2.4889,71.96351802,72.443571,72.403392,1.8492,2.5647,72.1020002339
751,72.871351,71.992959,1.8055,2.4997,72.22866744,1.8209,2.5311,71.9410533,72.426943,72.440237,1.8783,2.6098,71.971032263
750,72.78895,72.001266,1.8353,2.5415,72.21325989,1.8518,2.5733,71.96207205,72.410323,72.481097,1.9102,2.6533,71.9933667508
749,72.800157,72.03839,1.8681,2.5846,72.2781088,1.8841,2.6179,71.96989954,72.324522,72.44142,1.9445,2.6952,72.1467794598
748,72.764376,72.003946,1.9003,2.6336,72.1559842,1.9151,2.6604,71.98541573,72.379772,72.376784,1.9736,2.7371,72.1055131343
747,72.793122,71.970713,1.9293,2.6762,72.09102459,1.9465,2.7064,71.92211055,72.395552,72.440562,2.0074,2.7841,72.1022951762
746,72.83121,71.983947,1.9586,2.716,72.11340206,1.9782,2.7514,71.89794287,72.273927,72.42017,2.0427,2.833,72.1037769149
745,72.769351,71.979221,1.995,2.7611,72.25381189,2.0107,2.7968,71.89287757,72.259697,72.358598,2.0764,2.8796,72.1072371163
744,72.657007,72.041601,2.0306,2.8108,72.24277786,2.0455,2.8422,71.96889733,72.320039,72.287092,2.1085,2.9244,72.1002598824
743,72.677169,71.917997,2.061,2.8582,72.10831992,2.0797,2.8885,71.9993076,72.383621,72.227238,2.1438,2.9728,72.1138320775
742,72.678929,71.930392,2.0957,2.9069,72.09398328,2.1141,2.9376,71.96691176,72.368123,72.198884,2.1811,3.0234,72.1406363697
741,72.67015,71.923656,2.1316,2.9552,72.13048186,2.1489,2.9868,71.94656489,72.298025,72.259423,2.2157,3.073,72.1021802799
740,72.69692,71.862624,2.1659,3.0045,72.08853387,2.1839,3.0353,71.95005436,72.287603,72.273557,2.2502,3.1225,72.064051241
739,72.69972,71.88786,2.199,3.0536,72.01336128,2.2191,3.0858,71.91328019,72.286205,72.324951,2.2873,3.173,72.0863536086
738,72.678588,71.934946,2.2357,3.0986,72.15193959,2.256,3.1377,71.89979922,72.220567,72.344385,2.3246,3.2258,72.0627441255
737,72.679445,71.896873,2.2756,3.1489,72.26650576,2.292,3.1899,71.85178219,72.283871,72.309806,2.361,3.2765,72.0585991149
736,72.602282,71.903224,2.3125,3.2041,72.17315315,2.329,3.2435,71.80514876,72.413735,72.196919,2.3992,3.3321,72.0026409772
735,72.58003,71.890657,2.3476,3.2573,72.07196144,2.3684,3.2951,71.87642257,72.372098,72.192901,2.4379,3.3889,71.9377969253
734,72.584068,71.987612,2.3903,3.3103,72.20795698,2.4073,3.348,71.90262843,72.307726,72.24567,2.4767,3.4425,71.9448075527
733,72.583402,71.895708,2.4305,3.3647,72.23526615,2.4446,3.4043,71.8091825,72.226456,72.181013,2.5151,3.4981,71.8990309025
732,72.558054,71.874784,2.4664,3.4187,72.14438237,2.484,3.4584,71.82512144,72.137365,72.182237,2.5568,3.5535,71.951597017
731,72.583761,71.913857,2.504,3.4726,72.10735472,2.5236,3.514,71.81559476,72.194409,72.191707,2.6004,3.6097,72.0392276366
730,72.602848,71.885824,2.546,3.5289,72.147128,2.5641,3.5712,71.79939516,72.294216,72.211632,2.6389,3.6678,71.947761601
729,72.617016,71.809057,2.5874,3.5885,72.10254981,2.6056,3.6278,71.8231435,72.272183,72.162804,2.679,3.7254,71.9117410211
728,72.577429,71.71769,2.627,3.6473,72.02588216,2.6474,3.6857,71.82896058,72.256041,72.109619,2.7248,3.7846,71.9970406384
727,72.506553,71.709198,2.6676,3.7035,72.0291616,2.6896,3.7438,71.84144452,72.267652,72.092228,2.7682,3.8442,72.0097809687
726,72.478918,71.821358,2.7096,3.7647,71.97386246,2.7316,3.8052,71.78597708,72.249734,72.104938,2.8088,3.9004,72.0131268588
725,72.560734,71.838587,2.7539,3.8268,71.96352043,2.7741,3.8662,71.75262532,72.141139,72.172084,2.8479,3.9632,71.8585991118
724,72.622831,71.809083,2.7971,3.8846,72.00483962,2.8182,3.9263,71.77750045,72.096965,72.180062,2.8942,4.0297,71.8217237015
723,72.506128,71.759432,2.8416,3.9441,72.0468548,2.863,3.9907,71.74179968,72.138663,72.151591,2.9399,4.0924,71.8380412472
722,72.446028,71.68465,2.8886,4.0062,72.10323998,2.9092,4.0529,71.78070024,72.147152,72.07019,2.9851,4.1553,71.8383750872
721,72.476498,71.626233,2.9306,4.0704,71.99783805,2.9555,4.1154,71.81561938,72.106384,72.133005,3.0311,4.2217,71.7980908165
720,72.484938,71.682084,2.9748,4.1363,71.91934821,3.0005,4.179,71.79947356,72.089776,72.167203,3.0786,4.2853,71.8409446246
719,72.481081,71.733612,3.023,4.1992,71.98990284,3.044,4.2428,71.74507401,72.171633,72.074618,3.1235,4.3477,71.8425834349
718,72.42577,71.713827,3.0687,4.2647,71.95582339,3.0911,4.3101,71.71759356,72.215216,72.044385,3.1683,4.4163,71.7410502004
717,72.438652,71.68353,3.1166,4.3322,71.94035363,3.1408,4.3766,71.76346936,72.188988,72.046941,3.2206,4.4885,71.7522557647
716,72.450826,71.719233,3.1641,4.3965,71.9686114,3.1891,4.4449,71.74739589,72.091144,72.036645,3.274,4.5553,71.872324545
715,72.438192,71.772352,3.2136,4.4638,71.99247278,3.2362,4.5134,71.70204281,71.994648,71.973125,3.3222,4.6251,71.8297982746
714,72.475174,71.712876,3.2639,4.5374,71.93326575,3.2845,4.5823,71.67797831,72.031475,72.000646,3.3706,4.6947,71.7958549002
713,72.414914,71.61923,3.3123,4.6053,71.92365318,3.3356,4.6514,71.7117427,72.023692,71.998985,3.4221,4.7671,71.7857817122
712,72.362905,71.579213,3.36,4.6712,71.93012502,3.3871,4.7209,71.74691266,72.024409,71.990853,3.4731,4.8405,71.7508521847
711,72.380324,71.605306,3.41,4.7419,71.91210274,3.4385,4.793,71.74003755,71.994709,72.011936,3.5212,4.9108,71.7031848171
710,72.331097,71.604251,3.4612,4.8149,71.88518972,3.4882,4.8652,71.69694977,71.976014,71.99625,3.5718,4.9848,71.653827636
709,72.307008,71.672823,3.5118,4.8875,71.85268542,3.5393,4.9377,71.67912186,72.027008,72.000952,3.6254,5.0576,71.6822208162
708,72.368641,71.612425,3.5647,4.961,71.85446483,3.5918,5.0117,71.66829619,72.042696,71.982602,3.6812,5.1287,71.7764735703
707,72.431157,71.500836,3.6172,5.0345,71.8482471,3.6423,5.0872,71.59734235,72.067022,71.964911,3.733,5.2044,71.727768811
706,72.380468,71.505663,3.6681,5.1089,71.79823445,3.6961,5.1608,71.61874128,72.046493,71.931149,3.787,5.2808,71.7126193001
705,72.370982,71.393681,3.7202,5.1802,71.81576001,3.7489,5.2338,71.62864458,72.084879,71.924448,3.848,5.3537,71.8755253376
704,72.317255,71.536622,3.7738,5.2534,71.8353828,3.8009,5.3073,71.61645281,71.995131,71.929103,3.8994,5.4328,71.7751435724
703,72.289632,71.592779,3.8297,5.3285,71.87200901,3.8547,5.3814,71.63005909,71.86388,71.899707,3.9513,5.5101,71.7101323025
702,72.347672,71.507295,3.8788,5.4081,71.72204656,3.9069,5.4569,71.59559457,71.881943,71.918062,4.0072,5.5836,71.7673185758
701,72.297404,71.471325,3.9325,5.4806,71.75309273,3.9609,5.5339,71.57520013,71.844184,71.93131,4.0647,5.6593,71.8233703815
700,72.230754,71.477878,3.9898,5.5539,71.83780767,4.0154,5.6115,71.55662479,71.874881,71.865676,4.1212,5.7361,71.8467251268
699,72.299448,71.527605,4.0444,5.6291,71.84807518,4.0692,5.6871,71.55140581,71.933347,71.854304,4.1715,5.8175,71.7060593038
698,72.277906,71.499602,4.0942,5.7093,71.71106791,4.122,5.7614,71.54511056,71.824721,71.888449,4.2276,5.8999,71.6554517873
697,72.252313,71.451684,4.1439,5.782,71.66897267,4.1772,5.8373,71.56048173,71.821526,71.87108,4.2832,5.9745,71.6913549251
696,72.212894,71.39807,4.202,5.8524,71.79960358,4.2307,5.9135,71.54307939,71.930723,71.852451,4.3373,6.0503,71.6873543461
695,72.189608,71.417662,4.2545,5.9283,71.76593627,4.284,5.9895,71.52516905,71.933524,71.806729,4.3911,6.132,71.6095890411
694,72.232566,71.452428,4.3033,6.0071,71.63689634,4.3397,6.0642,71.56261337,71.949191,71.873732,4.4459,6.2088,71.6064295838
693,72.260565,71.399248,4.3535,6.0773,71.63543021,4.3918,6.1374,71.55798872,71.8765,71.827621,4.4996,6.2845,71.5983769592
692,72.222,71.427939,4.4069,6.1509,71.64642573,4.4404,6.2096,71.5086318,71.856822,71.78802,4.5514,6.3599,71.5640183022
691,72.139713,71.46242,4.4572,6.224,71.61311054,4.4909,6.2811,71.49862285,71.875133,71.775816,4.6053,6.4337,71.5808943532
690,72.080365,71.270381,4.6038,6.422,71.68794768,4.6354,6.4844,71.48541114,71.698394,71.743968,4.7418,6.6288,71.5333091962
689,72.120198,71.195782,4.7228,6.5871,71.6977122,4.7528,6.649,71.48142578,71.625315,71.691375,4.858,6.7891,71.5558763312
688,72.130006,71.232021,4.7814,6.6797,71.58105903,4.8191,6.7408,71.49151436,71.634623,71.734187,4.9292,6.8885,71.5569427306
687,72.144022,71.174772,4.8499,6.7683,71.65610271,4.8855,6.8346,71.48187165,71.643261,71.731957,4.9978,6.9795,71.6068486281
686,72.116139,71.081171,4.9202,6.864,71.68123543,4.9545,6.9298,71.49556986,71.68436,71.677936,5.0706,7.0793,71.6257257073
685,72.039494,71.149511,4.9882,6.9644,71.62426052,5.0244,7.0316,71.45457648,71.702187,71.679461,5.1387,7.1832,71.5377547611
684,72.035739,71.131232,5.05,7.062,71.5094874,5.0914,7.127,71.43819279,71.608522,71.710789,5.2076,7.2783,71.5496750615
683,72.043376,71.061417,5.1203,7.1582,71.53055237,5.1565,7.2259,71.36135291,71.502058,71.686337,5.2763,7.376,71.53335141
682,72.00972,71.101277,5.1907,7.2605,71.49232147,5.2287,7.3257,71.37474917,71.497804,71.674646,5.3489,7.4767,71.5409204596
681,71.992612,71.132708,5.266,7.3545,71.60242029,5.2995,7.4244,71.37950541,71.629895,71.64829,5.4186,7.5824,71.4628613632
680,72.035852,71.076064,5.3356,7.4522,71.59764902,5.3702,7.5264,71.35150935,71.621551,71.603871,5.4896,7.6855,71.4280137922
679,72.01578,71.054155,5.4063,7.555,71.5592323,5.4412,7.6283,71.32912969,71.537533,71.604784,5.5622,7.7837,71.4595886275
678,71.991939,71.057563,5.4777,7.6617,71.49457692,5.5143,7.73,71.33635188,71.509136,71.642809,5.6363,7.8862,71.4704166772
677,71.963078,71.078152,5.5481,7.7639,71.46021973,5.588,7.8292,71.3738313,71.482668,71.658799,5.7124,7.9946,71.4532309309
676,71.996478,71.059916,5.6209,7.8635,71.48089273,5.6622,7.931,71.39326693,71.515973,71.630598,5.7892,8.0946,71.5192844612
675,71.945072,71.037609,5.6955,7.9652,71.50479586,5.735,8.0408,71.32374888,71.542891,71.534945,5.8598,8.205,71.4174283973
674,71.879348,70.98195,5.7735,8.0746,71.50199391,5.8103,8.1451,71.33491302,71.573868,71.568117,5.9349,8.3148,71.3775436571
673,71.902036,70.954856,5.8468,8.1786,71.4890079,5.8847,8.2497,71.33229087,71.471389,71.590748,6.0121,8.4266,71.3466878694
672,71.912936,71.01799,5.9174,8.2864,71.41098668,5.9592,8.3589,71.29167713,71.51844,71.585317,6.0919,8.5354,71.3721676781
671,71.915922,70.980953,5.994,8.3912,71.43197636,6.0371,8.467,71.30152356,71.522584,71.57015,6.17,8.6371,71.436014403
670,71.89539,70.973223,6.0748,8.4984,71.48169067,6.1127,8.5756,71.28014366,71.402498,71.509627,6.2462,8.7488,71.3949341624
669,71.850181,71.011191,6.1501,8.6039,71.48037518,6.1892,8.6845,71.26720018,71.411296,71.474015,6.3271,8.8635,71.3837648784
668,71.874786,70.963724,6.2247,8.7168,71.41037996,6.2649,8.7939,71.24142872,71.3759,71.476313,6.4046,8.9744,71.3652166162
667,71.851755,71.010055,6.3045,8.8273,71.42047965,6.3467,8.9025,71.29121033,71.362763,71.528501,6.4812,9.0871,71.3230843724
666,71.828455,71.027048,6.3835,8.9433,71.37745575,6.4283,9.0173,71.28852317,71.342401,71.505798,6.5602,9.2024,71.2879248892
665,71.857219,70.995941,6.458,9.0507,71.35359696,6.5054,9.1296,71.25613389,71.35455,71.477084,6.6429,9.3193,71.281104804
664,71.796498,70.88028,6.5383,9.1681,71.3157579,6.5853,9.2412,71.26022594,71.322788,71.531185,6.7293,9.4384,71.2970418715
663,71.810429,70.850788,6.622,9.2873,71.30167002,6.6647,9.358,71.21927762,71.390639,71.42774,6.8115,9.5535,71.298476998
662,71.766876,70.884921,6.7006,9.4005,71.27918728,6.7465,9.4752,71.20166329,71.312101,71.458889,6.8933,9.6739,71.2566803461
661,71.814828,70.952118,6.7795,9.5113,71.27837414,6.8269,9.5944,71.15504878,71.385663,71.484416,6.9777,9.788,71.288312219
660,71.777449,70.850053,6.8588,9.6259,71.25359707,6.9095,9.7061,71.18719156,71.350044,71.459117,7.056,9.9082,71.213742153
659,71.804238,70.839045,6.9461,9.7516,71.2303622,6.9902,9.8233,71.15938636,71.33455,71.361729,7.1399,10.0278,71.2010610503
658,71.770648,70.781944,7.0304,9.8598,71.30367756,7.0741,9.9409,71.16156485,71.385324,71.361877,7.2236,10.1497,71.1705764702
657,71.74148,70.841652,7.1073,9.9719,71.27327791,7.1536,10.059,71.11641316,71.374127,71.3622,7.3161,10.268,71.2514608492
656,71.727945,70.796515,7.1906,10.0918,71.25190749,7.2383,10.1795,71.10663589,71.360333,71.363904,7.399,10.3875,71.229843562
655,71.710056,70.759276,7.2741,10.2126,71.22671993,7.3201,10.3009,71.06272267,71.326005,71.317693,7.4841,10.5147,71.177494365
654,71.69127,70.790341,7.3564,10.3231,71.26153965,7.4026,10.4193,71.04699932,71.246367,71.371121,7.5698,10.6375,71.1614571093
653,71.650794,70.778991,7.4424,10.446,71.24641011,7.4869,10.5399,71.03388078,71.192793,71.366675,7.6543,10.7544,71.1736591535
652,71.692106,70.802309,7.5198,10.5726,71.12536178,7.5735,10.6609,71.03996848,71.176725,71.284587,7.7371,10.8792,71.1182807559
651,71.622268,70.743794,7.6042,10.687,71.15373819,7.6605,10.7826,71.04501697,71.199198,71.316811,7.8257,11.0076,71.0936080526
650,71.618973,70.633523,7.6972,10.8034,71.24794046,7.7449,10.9039,71.0287145,71.180914,71.352019,7.9104,11.1224,71.1213407178
649,71.658122,70.65894,7.7723,10.9269,71.12996367,7.8317,11.0233,71.04678272,71.214139,71.272731,8.0022,11.241,71.1876167601
648,71.594671,70.718977,7.863,11.0552,71.1249005,7.9141,11.1533,70.95747447,71.18851,71.285162,8.0855,11.375,71.0813186813
647,71.569655,70.696762,7.9498,11.1752,71.13787673,7.9997,11.2743,70.95518125,71.170314,71.265093,8.1731,11.4981,71.0821787948
646,71.567821,70.665571,8.0318,11.2952,71.10808131,8.0881,11.3948,70.98062274,71.210899,71.224134,8.2662,11.6228,71.1205561483
645,71.541382,70.722917,8.1181,11.4129,71.13091326,8.1764,11.5196,70.97815896,71.137246,71.19915,8.3516,11.7492,71.0822864535
644,71.540753,70.621073,8.2119,11.5486,71.10732037,8.2593,11.6469,70.91414883,71.194972,71.206611,8.4382,11.8717,71.0782785953
643,71.540501,70.655484,8.2968,11.6693,71.09938043,8.3462,11.7692,70.91561024,71.088073,71.151611,8.5307,12.01,71.0299750208
642,71.531352,70.678688,8.3777,11.7935,71.03658795,8.4336,11.8927,70.91409016,71.012205,71.146642,8.6253,12.1343,71.0819742383
641,71.519324,70.615882,8.468,11.919,71.04622871,8.5197,12.0194,70.88290597,71.060293,71.155026,8.7064,12.2596,71.0169989233
640,71.497055,70.613988,8.5527,12.0462,70.99915326,8.6077,12.1427,70.88785855,71.080625,71.115626,8.792,12.3876,70.9742000065
639,71.49445,70.562157,8.6412,12.1702,71.00294161,8.6947,12.2697,70.86318329,71.065736,71.147913,8.8852,12.5162,70.9895974817
638,71.432647,70.51704,8.7275,12.2932,70.99453356,8.7836,12.3939,70.87034751,71.04663,71.102875,8.9719,12.6499,70.9246713413
637,71.406389,70.534044,8.8071,12.4188,70.91747995,8.8723,12.5232,70.84690814,71.032641,71.123926,9.0632,12.7752,70.9437034254
636,71.410777,70.503001,8.9085,12.5453,71.01065738,8.9595,12.6482,70.83616641,71.017362,71.120444,9.1545,12.9071,70.9260794446
635,71.370925,70.486296,8.9881,12.6667,70.95849748,9.0494,12.7713,70.85731288,71.055691,71.104584,9.2465,13.0379,70.9201635233
634,71.382374,70.507611,9.0785,12.7936,70.96126188,9.1373,12.8978,70.84386485,71.030315,71.093527,9.3344,13.161,70.9247017704
633,71.399383,70.452509,9.1611,12.925,70.87891683,9.2231,13.0244,70.81401063,71.038299,71.111623,9.4264,13.2999,70.8757208701
632,71.396293,70.43334,9.2507,13.0552,70.85835529,9.3127,13.1509,70.81416481,70.957836,71.086931,9.5114,13.4332,70.8051692821
631,71.365837,70.485734,9.3398,13.1806,70.86020363,9.4004,13.2776,70.79893957,70.914162,70.979645,9.6021,13.5548,70.839112344
630,71.369035,70.390668,9.4312,13.2978,70.92300982,9.4877,13.4024,70.79105235,70.933776,71.021512,9.6905,13.686,70.8059330703
629,71.332199,70.410279,9.5119,13.4302,70.82470849,9.5754,13.5346,70.7475655,70.902957,71.020242,9.7867,13.8178,70.8267596868
628,71.296232,70.369756,9.597,13.5641,70.75294343,9.663,13.6606,70.73627806,70.831456,71.018561,9.8766,13.9452,70.8243696756
627,71.287294,70.34093,9.6861,13.6815,70.79706173,9.7522,13.784,70.7501451,70.829161,70.956872,9.9633,14.0679,70.8229373254
626,71.271227,70.30189,9.7703,13.8064,70.76645614,9.8366,13.9141,70.69519408,70.944572,70.944459,10.0512,14.2088,70.7392601768
625,71.230612,70.340343,9.8562,13.9344,70.73286256,9.9248,14.0402,70.68845173,70.813708,70.92281,10.138,14.3291,70.7511288218
624,71.214397,70.327154,9.9494,14.0541,70.79357625,10.0077,14.161,70.67085658,70.807562,70.930456,10.2361,14.4644,70.7675396145
623,71.175298,70.26791,10.0404,14.1812,70.8007785,10.1008,14.2839,70.71458075,70.849914,70.896791,10.3148,14.5895,70.7001610747
622,71.204061,70.276192,10.1106,14.3102,70.65310059,10.1842,14.4106,70.67158897,70.782809,70.866609,10.4179,14.7187,70.7800281275
621,71.13205,70.224833,10.2043,14.4322,70.70509001,10.2658,14.5371,70.61793618,70.875899,70.886155,10.5026,14.8551,70.7002982141
620,71.16321,70.278554,10.2847,14.5492,70.68911005,10.3565,14.6634,70.62823083,70.827044,70.829754,10.5867,14.9753,70.6944101287
619,71.126264,70.279021,10.3684,14.6771,70.64338323,10.4362,14.7812,70.60455173,70.778223,70.849583,10.6771,15.1109,70.6582665493
618,71.097018,70.287276,10.4564,14.7969,70.66615305,10.5208,14.905,70.58570949,70.755608,70.833516,10.7563,15.2298,70.6266661414
617,71.148779,70.186287,10.5416,14.9181,70.66315416,10.6073,15.0207,70.61788066,70.798239,70.835372,10.8449,15.3601,70.6043580445
616,71.070919,70.24162,10.6198,15.0386,70.61694573,10.6898,15.1426,70.59421764,70.698794,70.797162,10.9417,15.4822,70.6727726034
615,71.094252,70.183081,10.7024,15.1577,70.60701822,10.7709,15.2679,70.54604759,70.705583,70.841924,11.0258,15.6118,70.6247838174
614,71.085142,70.192137,10.7902,15.2727,70.65024521,10.8526,15.3878,70.52730085,70.700713,70.72917,11.1009,15.7218,70.6083272908
613,71.056859,70.154978,10.8659,15.392,70.59446466,10.9297,15.5088,70.4741824,70.709933,70.779986,11.181,15.8525,70.5314619145
612,71.048197,70.133358,10.9435,15.514,70.5395127,11.0103,15.6246,70.46772397,70.607836,70.731762,11.2664,15.9659,70.5653924928
611,71.049406,70.111061,11.0217,15.6287,70.52218035,11.0938,15.737,70.49501176,70.553626,70.691025,11.3444,16.104,70.4446100348
610,70.980748,70.118273,11.1001,15.7536,70.46072009,11.1784,15.8479,70.53552837,70.652303,70.713643,11.4364,16.2172,70.5201884419
609,70.99703,70.093633,11.1762,15.8641,70.44963156,11.25,15.966,70.46223224,70.560326,70.702728,11.5055,16.3384,70.4199921657
608,70.969972,70.093877,11.2527,15.9785,70.42400726,11.3306,16.0797,70.465245,70.607345,70.641364,11.5914,16.4478,70.4738627658
607,70.936518,70.016769,11.3322,16.0712,70.51246951,11.3981,16.1962,70.37514973,70.536486,70.647725,11.6659,16.5604,70.4445544794
606,70.936809,70.036451,11.4077,16.1947,70.44094673,11.4794,16.302,70.41712673,70.559439,70.637254,11.7453,16.6717,70.4505239418
605,70.935203,70.05247,11.4746,16.301,70.39200049,11.5543,16.4111,70.40539635,70.549989,70.636681,11.8276,16.7914,70.4384387246
604,70.888778,70.003853,11.555,16.4149,70.39336213,11.629,16.5188,70.39857617,70.521789,70.579511,11.9088,16.9102,70.4237679034
603,70.855003,69.940477,11.6288,16.5198,70.39310403,11.7026,16.6283,70.37760926,70.496779,70.60117,11.9744,17.0153,70.3743101797
602,70.779332,69.882231,11.7032,16.6304,70.37233019,11.767,16.7383,70.29985124,70.481276,70.503345,12.0581,17.1283,70.3986968934
601,70.820827,69.936543,11.762,16.725,70.32585949,11.8404,16.844,70.29446687,70.515266,70.538336,12.1351,17.2395,70.3912526465
600,70.792723,69.906904,11.8304,16.8217,70.32820702,11.9038,16.9512,70.22393695,70.423886,70.497068,12.1935,17.3528,70.2681987921
599,70.79075,69.763716,11.9076,16.9347,70.31479743,11.9808,17.0553,70.24678546,70.470835,70.502796,12.2696,17.4558,70.2895312733
598,70.743333,69.910622,11.9785,17.0346,70.31864558,12.0479,17.1528,70.23867823,70.34698,70.515994,12.3359,17.5556,70.2676069175
597,70.728934,69.854794,12.0464,17.141,70.27828015,12.1208,17.2531,70.25288209,70.410135,70.446247,12.4181,17.6628,70.3065199176
596,70.732635,69.794244,12.1085,17.2401,70.2345114,12.1947,17.3618,70.23868493,70.386262,70.412702,12.4794,17.7726,70.2170757233
595,70.680904,69.776178,12.1843,17.3383,70.27390229,12.2592,17.4648,70.19376117,70.277095,70.445169,12.5566,17.8792,70.2302116426
594,70.645554,69.847737,12.2541,17.4444,70.24661209,12.3274,17.5661,70.17721634,70.355974,70.379919,12.6398,17.9915,70.2542867465
593,70.663715,69.728352,12.3225,17.5424,70.24409431,12.3981,17.6667,70.17779212,70.35152,70.393984,12.6999,18.0897,70.2051443639
592,70.658947,69.736332,12.3885,17.6501,70.18940403,12.4704,17.7706,70.17433289,70.280579,70.356171,12.7739,18.1863,70.239136053
591,70.641589,69.762115,12.4664,17.7641,70.17749281,12.5389,17.866,70.18302922,70.312656,70.388261,12.8388,18.3041,70.1416622505
590,70.579496,69.74733,12.5277,17.8632,70.13133145,12.6067,17.982,70.10732955,70.236482,70.359244,12.9137,18.4135,70.1316968529
589,70.553934,69.730282,12.5906,17.9575,70.11332312,12.6782,18.0778,70.13132129,70.25726,70.322238,12.9728,18.5174,70.057351464
588,70.583749,69.634601,12.6637,18.066,70.09686704,12.7461,18.1828,70.09976461,70.29723,70.341824,13.0441,18.6208,70.0512330297
587,70.512886,69.627157,12.7308,18.1686,70.07034114,12.8227,18.2888,70.11230917,70.130458,70.262019,13.1232,18.711,70.1362834696
586,70.570444,69.642552,12.8006,18.26,70.10186199,12.8872,18.4008,70.03608539,70.152887,70.279523,13.1993,18.8342,70.0815537692
585,70.498281,69.581072,12.8626,18.3749,70.00092518,12.9514,18.4991,70.01097351,70.130659,70.243299,13.2711,18.9292,70.1091435454
584,70.496522,69.5286,12.9406,18.4759,70.04043105,13.0285,18.5984,70.05172488,70.090495,70.22055,13.3401,19.0341,70.085268019
583,70.444291,69.494893,13.0113,18.578,70.03606416,13.0945,18.7052,70.00459765,70.107723,70.261932,13.4006,19.1484,69.9828706315
582,70.42388,69.497725,13.0765,18.6868,69.97720316,13.1596,18.8052,69.97851658,70.079505,70.226576,13.4801,19.2532,70.0148546735
581,70.369754,69.54115,13.1408,18.7788,69.97678233,13.2312,18.9163,69.94602539,70.1579,70.165166,13.5406,19.3533,69.9653289103
580,70.424248,69.539418,13.2086,18.8778,69.96895825,13.2919,19.0118,69.91394818,70.113261,70.133351,13.6111,19.4574,69.9533339501
579,70.372921,69.493636,13.2737,18.9839,69.92082765,13.3552,19.0987,69.92727254,70.055667,70.186376,13.6847,19.5771,69.9015686695
578,70.393562,69.490648,13.3249,19.0724,69.86483086,13.4134,19.1866,69.91024986,70.017227,70.052212,13.7479,19.6627,69.9186785131
577,70.398796,69.453327,13.3893,19.1581,69.88845449,13.469,19.2786,69.86503169,69.995093,70.086416,13.8067,19.7519,69.9006171558
576,70.295053,69.50232,13.444,19.2337,69.89814752,13.5279,19.3532,69.90006821,70.016803,70.042493,13.8682,19.8454,69.8811815333
575,70.32636,69.414651,13.488,19.3092,69.8527127,13.5814,19.4382,69.86963814,70.005029,70.027223,13.9242,19.9305,69.8637766238
574,70.256015,69.403717,13.5351,19.3815,69.83515208,13.6216,19.5069,69.82965002,69.908325,70.042931,13.9634,19.992,69.8449379752
573,70.273133,69.377238,13.574,19.4452,69.80643038,13.6614,19.5718,69.80144902,69.866694,70.047105,14.0078,20.0711,69.7908933741
572,70.180401,69.304058,13.6066,19.495,69.79533214,13.6904,19.6233,69.76604343,69.913982,69.994463,14.0565,20.1288,69.8327769167
571,70.1902,69.367306,13.6342,19.5314,69.80656789,13.7162,19.6611,69.76313635,69.864261,69.872703,14.0884,20.1893,69.7815179328
570,70.197952,69.310349,13.6428,19.5711,69.70890752,13.7309,19.6876,69.74389971,69.890788,69.971615,14.1054,20.2157,69.7744822094
569,70.150363,69.264998,13.6494,19.5777,69.7191192,13.7349,19.7,69.72030457,69.856604,69.922476,14.1084,20.2391,69.708633289
568,70.147946,69.312272,13.6452,19.5639,69.74682962,13.7261,19.6896,69.71243702,69.815064,69.930137,14.1167,20.2618,69.6715000642
567,70.125801,69.24053,13.613,19.5358,69.68232681,13.7013,19.6593,69.69373274,69.794368,69.896964,14.1064,20.2411,69.6918645726
566,70.104952,69.258046,13.5673,19.484,69.63303223,13.6583,19.6063,69.66281246,69.690938,69.86446,14.0714,20.1937,69.6821285847
565,70.081974,69.234734,13.5075,19.4,69.62628866,13.593,19.5271,69.61095093,69.786281,69.871393,14.0203,20.1218,69.6771660587
564,70.124296,69.235302,13.4369,19.2918,69.65083611,13.5095,19.4096,69.60215563,69.752037,69.857057,13.9638,20.0253,69.73079055
563,70.070484,69.205382,13.3123,19.1145,69.64503387,13.3933,19.2456,69.59149104,69.745792,69.801631,13.8287,19.8577,69.6389813523
562,69.969122,69.10184,13.1471,18.887,69.60925504,13.2229,19.0059,69.5726064,69.681093,69.790433,13.5353,19.4479,69.597745772
561,69.990528,69.069658,13.3611,19.2199,69.51701101,13.446,19.3287,69.56494746,69.629414,69.776356,13.7732,19.7876,69.6052073015
560,69.981352,69.038302,13.5906,19.5477,69.525315,13.6729,19.6586,69.55174834,69.655005,69.747837,14.0026,20.1153,69.6116886151
559,69.939314,69.060884,13.8157,19.8772,69.50526231,13.9045,19.9994,69.52458574,69.614602,69.782704,14.2296,20.4698,69.5150905236
558,69.917683,69.073121,14.0509,20.2226,69.48117453,14.1407,20.3498,69.48815222,69.591524,69.745787,14.4742,20.8146,69.5386891893
557,69.931776,69.047988,14.2903,20.5753,69.45366532,14.38,20.699,69.47195517,69.572106,69.692422,14.7297,21.1948,69.496763357
556,69.866283,68.942713,14.5383,20.9336,69.449593,14.6325,21.0579,69.48698588,69.560294,69.659907,14.9611,21.547,69.4347240915
555,69.872329,68.949951,14.7959,21.3024,69.45649317,14.8834,21.4356,69.43309261,69.496242,69.671763,15.2285,21.9237,69.4613591684
554,69.871559,68.979866,15.0559,21.6869,69.42393795,15.1471,21.8169,69.42828725,69.534161,69.610657,15.5057,22.327,69.4482017288
553,69.812241,68.920821,15.3087,22.0647,69.38095691,15.4111,22.2061,69.40029992,69.497744,69.611303,15.77,22.7343,69.3665518622
552,69.826169,68.865661,15.5915,22.457,69.42824064,15.6836,22.6118,69.36024554,69.444079,69.520975,16.0553,23.1367,69.3932151085
551,69.763937,68.886332,15.8658,22.881,69.34050085,15.971,23.0251,69.36343382,69.418913,69.536658,16.3441,23.5552,69.3863775302
550,69.686001,68.909529,16.159,23.3199,69.29274997,16.2665,23.4608,69.33480529,69.433238,69.490672,16.645,24.0069,69.3342330747
549,69.732784,68.882633,16.4534,23.7567,69.25793566,16.5702,23.9099,69.30267379,69.431851,69.53012,16.9611,24.4775,69.2926156674
548,69.707752,68.808499,16.7737,24.2183,69.26043529,16.8869,24.3723,69.28726464,69.435944,69.515549,17.2898,24.9368,69.3344775593
547,69.693962,68.802961,17.1147,24.7025,69.28327092,17.212,24.8421,69.2856079,69.409126,69.487831,17.6231,25.4336,69.2906234273
546,69.655695,68.820039,17.4433,25.2046,69.20681146,17.5542,25.3523,69.24105505,69.403457,69.445953,17.982,25.9577,69.274242325
545,69.609353,68.76646,17.7984,25.7261,69.1842137,17.9157,25.8848,69.21320621,69.346529,69.424767,18.3461,26.4806,69.2812851673
544,69.626461,68.690259,18.1776,26.2757,69.18026922,18.2905,26.4389,69.1802609,69.315382,69.420593,18.7294,27.0475,69.2463259081
543,69.593182,68.714,18.5738,26.8701,69.1244171,18.6853,27.0122,69.17355861,69.268476,69.392116,19.1328,27.6601,69.171116518
542,69.572554,68.701754,18.9805,27.4616,69.11651178,19.0965,27.6269,69.12284766,69.292283,69.339293,19.561,28.2732,69.1856599182
541,69.5094,68.670385,19.4193,28.0916,69.12849393,19.5341,28.2626,69.11642949,69.262307,69.348653,20.0071,28.933,69.1497597899
540,69.479926,68.635489,19.8761,28.7669,69.09364582,19.9983,28.9406,69.10119348,69.249388,69.292629,20.4879,29.6202,69.168675431
539,69.438731,68.641253,20.3573,29.4856,69.04149822,20.4864,29.6559,69.08035163,69.258274,69.272483,20.9803,30.3593,69.1066658322
538,69.456395,68.616892,20.8718,30.2295,69.04447642,21.0049,30.4046,69.0846122,69.167002,69.25386,21.5084,31.1208,69.1126192129
537,69.421238,68.598904,21.4257,31.0355,69.03610382,21.5551,31.2057,69.07423964,69.179767,69.247801,22.0708,31.9428,69.0947568779
536,69.369127,68.570121,22.0053,31.8981,68.98624056,22.1391,32.0659,69.0425031,69.163698,69.274281,22.6707,32.8448,69.023711516
535,69.364271,68.538314,22.619,32.8103,68.93871741,22.769,32.9883,69.02144094,69.191939,69.219534,23.3304,33.7784,69.0689908344
534,69.330886,68.507502,23.282,33.7815,68.91937895,23.4303,33.9721,68.96924241,69.111959,69.174158,24.0147,34.7827,69.0420812645
533,69.335575,68.50254,23.9902,34.828,68.88193408,24.1504,35.0262,68.94952921,69.059007,69.142101,24.7395,35.8565,68.9958584915
532,69.307538,68.522642,24.7647,35.9482,68.88995833,24.9159,36.1559,68.91240434,69.05525,69.130981,25.5333,37.0215,68.9688424294
531,69.276532,68.472608,25.5856,37.1466,68.87736697,25.7421,37.3527,68.91630324,69.029536,69.121978,26.3791,38.2719,68.9255040905
530,69.230208,68.361852,26.4647,38.4462,68.83567167,26.6297,38.651,68.89782929,69.005765,69.104827,27.2903,39.6083,68.9004577323
529,69.22888,68.4052,27.4118,39.83,68.82199347,27.5791,40.0544,68.85410841,69.011305,69.08439,28.2493,41.0364,68.8396155608
528,69.216506,68.373755,28.4303,41.3101,68.82166831,28.5984,41.5437,68.8393186,68.999001,69.047605,29.3116,42.5717,68.8523126866
527,69.180511,68.347281,29.5212,42.9212,68.77999683,29.6972,43.1469,68.82811975,68.931825,69.044995,30.4426,44.2152,68.8509833722
526,69.168674,68.31215,30.6871,44.6367,68.7485858,30.8851,44.8811,68.81538108,68.935475,69.00481,31.6602,46.0185,68.7988526354
525,69.156904,68.319099,31.9595,46.4928,68.74075126,32.1633,46.7558,68.7899683,68.891431,68.995577,32.9585,47.9393,68.7504823808
524,69.130837,68.250032,33.3121,48.4776,68.71647936,33.5261,48.761,68.75597301,68.879654,69.005951,34.3644,49.992,68.7397983677
523,69.088678,68.232943,34.7619,50.6197,68.67267092,34.9809,50.8897,68.73866421,68.843545,68.960853,35.8647,52.1862,68.7244903825
522,69.054206,68.212328,36.3044,52.8719,68.66482952,36.5302,53.1597,68.71784453,68.836153,68.933505,37.4497,54.5275,68.6803906286
521,69.043743,68.192531,37.9241,55.2713,68.61445271,38.1645,55.5717,68.67614271,68.782884,68.879606,39.1253,56.9889,68.6542467042
520,69.019881,68.168913,39.6076,57.7671,68.56428659,39.8622,58.068,68.64744782,68.750594,68.87511,40.8777,59.5409,68.654823827
519,68.996134,68.128753,41.3724,60.348,68.55637304,41.6386,60.6524,68.65119929,68.736746,68.847452,42.6856,62.2014,68.6248219493
518,68.94517,68.131656,43.167,62.9806,68.54015363,43.4401,63.3106,68.61426049,68.718313,68.821329,44.534,64.928,68.5898225727
517,68.902551,68.091141,44.9612,65.6341,68.50280571,45.2389,65.9612,68.58410702,68.716277,68.822768,46.3692,67.6156,68.5776655091
516,68.874806,68.068744,46.7057,68.2034,68.48001713,46.9943,68.5369,68.56788095,68.670118,68.797823,48.1585,70.2554,68.5477557597
515,68.861973,68.046889,48.317,70.5907,68.4466934,48.62,70.9448,68.53215458,68.657933,68.736087,49.7964,72.6917,68.5035568022
514,68.833075,68.026782,49.7439,72.6924,68.43067501,50.0468,73.0649,68.49636419,68.625829,68.711093,51.2519,74.8215,68.4988940345
513,68.815037,67.999488,50.8835,74.3907,68.40035112,51.1971,74.7637,68.47855309,68.609777,68.699324,52.4075,76.533,68.476996851
512,68.767698,67.96252,51.6365,75.5283,68.36708889,51.9576,75.9132,68.44343276,68.590353,68.669204,53.1503,77.6301,68.4660975575
511,68.734569,67.892656,51.9379,76.003,68.33664461,52.2566,76.3944,68.40370498,68.530004,68.64582,53.4188,78.0487,68.4429080817
510,68.711251,67.860313,51.6941,75.6748,68.31085117,52.0127,76.0624,68.38161825,68.514521,68.62935,53.1211,77.6431,68.4170261105
509,68.667155,67.843099,50.8564,74.4842,68.27810462,51.1705,74.8702,68.34561681,68.497348,68.594901,52.2234,76.3372,68.4114691134
508,68.641726,67.827676,49.4258,72.4251,68.24402037,49.7441,72.8019,68.32802441,68.472955,68.560104,50.7096,74.1606,68.3780875559
507,68.616839,67.779001,47.4448,69.5534,68.21348777,47.7378,69.9041,68.29041501,68.447004,68.540375,48.6095,71.1325,68.3365550206
506,68.613151,67.744347,44.9598,65.9394,68.18351395,45.2359,66.2729,68.25701003,68.45204,68.518066,46.0303,67.3528,68.3420733808
505,68.601821,67.750022,42.0754,61.7547,68.13311375,42.3572,62.0805,68.22947624,68.41786,68.507702,43.0414,63.0436,68.2724336808
504,68.560223,67.734302,38.9643,57.1989,68.12071561,39.2263,57.5082,68.20992485,68.362825,68.474903,39.8109,58.3299,68.2512742179
503,68.534655,67.682181,35.7645,52.4947,68.129735,35.9794,52.7791,68.1697869,68.322835,68.426077,36.4736,53.4684,68.2152448923
502,68.52753,67.699639,32.577,47.8483,68.08392357,32.7824,48.0978,68.15779516,68.344634,68.398297,33.2116,48.6959,68.2020457574
501,68.493456,67.691735,29.5141,43.3704,68.05125154,29.7067,43.5987,68.13666463,68.288045,68.381782,30.0962,44.1246,68.2073038622
500,68.434175,67.593801,26.693,39.2321,68.03867241,26.8568,39.4284,68.11536862,68.28326,68.365775,27.2052,39.8913,68.1983289589
499,68.401651,67.566619,24.1301,35.4778,68.01464578,24.2786,35.6576,68.08814951,68.279971,68.324423,24.5971,36.0676,68.1972185563
498,68.413074,67.556253,21.8526,32.1313,68.01032016,21.9811,32.3082,68.03566896,68.225563,68.329767,22.2718,32.6783,68.1547081703
497,68.36654,67.567449,19.8613,29.2131,67.98764938,19.9742,29.3599,68.03224807,68.174268,68.316344,20.2471,29.7209,68.1241146802
496,68.322973,67.557316,18.1339,26.688,67.94776679,18.243,26.8254,68.00644166,68.155722,68.281877,18.4914,27.156,68.0932390632
495,68.297444,67.522942,16.6659,24.5202,67.96804268,16.7609,24.6572,67.97568256,68.163309,68.273484,16.9956,24.9622,68.0853450417
494,68.314068,67.462327,15.414,22.698,67.90906688,15.5117,22.8239,67.96253051,68.162603,68.266348,15.7386,23.1172,68.0817746094
493,68.284361,67.455844,14.3733,21.1831,67.85267501,14.4688,21.2899,67.96086407,68.106222,68.228647,14.6943,21.5825,68.0843275802
492,68.289521,67.436586,13.5171,19.924,67.84330456,13.6067,20.0252,67.94788566,68.091752,68.207771,13.8214,20.3122,68.0448203543
491,68.237324,67.469626,12.8123,18.8946,67.80932118,12.8954,18.9911,67.9023332,68.067675,68.21462,13.1019,19.2718,67.9848275719
490,68.188345,67.409304,12.2426,18.06,67.78848283,12.3237,18.1566,67.87449192,68.062235,68.140195,12.5267,18.4343,67.9532176432
489,68.155686,67.344319,11.8023,17.4027,67.81878674,11.8748,17.4972,67.8668587,68.062457,68.105736,12.0798,17.7811,67.9361794265
488,68.146695,67.321848,11.4651,16.9103,67.79950681,11.531,17.0005,67.82741684,67.992571,68.097429,11.7391,17.2819,67.9271376411
487,68.083288,67.303782,11.2182,16.568,67.71004346,11.2903,16.6481,67.81734853,67.977875,68.042254,11.5039,16.939,67.9136903005
486,68.026018,67.295526,11.0649,16.3605,67.63179609,11.1419,16.4336,67.79950832,67.969498,68.016497,11.3593,16.7437,67.8422331982
485,67.999248,67.221087,11.0216,16.2948,67.63875592,11.0941,16.3696,67.77257844,67.944325,68.010932,11.3167,16.6859,67.8219334888
484,67.972699,67.212146,11.0834,16.3972,67.59324763,11.1562,16.4695,67.73854701,67.897217,67.984328,11.3848,16.7953,67.7856305038
483,67.97928,67.171938,11.3058,16.7395,67.53965172,11.3829,16.811,67.71102254,67.853016,67.96017,11.6275,17.1596,67.7609035176
482,67.93132,67.113265,11.7837,17.4522,67.51985423,11.8629,17.5268,67.68434626,67.792774,67.935474,12.1352,17.9173,67.7289546974
481,67.905988,67.095643,12.526,18.563,67.47831708,12.6085,18.6396,67.64361896,67.738397,67.880286,12.9195,19.0889,67.6806940159
480,67.884802,67.449755,13.4717,19.9584,67.49889771,13.5546,20.0459,67.61781711,68.129499,67.909105,13.8992,20.5485,67.6409470278
479,67.834262,67.965649,14.508,21.4941,67.49759236,14.596,21.5913,67.60130238,68.608493,68.048503,14.9701,22.126,67.6584109193
478,67.790541,67.828614,15.488,22.9636,67.44587086,15.5837,23.0716,67.54494703,68.549531,68.090108,15.9745,23.6228,67.6232284065
477,67.728987,67.668465,16.3858,24.3228,67.36806618,16.4943,24.4259,67.52791095,68.396705,67.997861,16.8945,24.9992,67.5801625652
476,67.708024,67.600181,17.2807,25.6617,67.34043341,17.4029,25.7757,67.51669208,68.313627,67.938418,17.8161,26.3734,67.5532923324
475,67.717865,67.56315,18.2082,27.0482,67.31760339,18.3262,27.1714,67.44665347,68.240488,67.911242,18.7686,27.7902,67.536757562
474,67.669836,67.542748,19.1738,28.5022,67.27129836,19.2946,28.6254,67.40377427,68.186247,67.892643,19.7707,29.2758,67.5325695626
473,67.633323,67.501695,20.1778,30.0114,67.2337845,20.3095,30.1339,67.39751575,68.152498,67.860332,20.8037,30.8266,67.4861969857
472,67.601668,67.434545,21.2083,31.5625,67.19461386,21.3454,31.6844,67.36879979,68.108809,67.817192,21.8627,32.4182,67.4395864052
471,67.527402,67.349489,22.2383,33.1177,67.14928875,22.3869,33.2563,67.3162679,68.04034,67.757579,22.9258,34.0212,67.386805874
470,67.493282,67.299024,23.2578,34.6488,67.12440258,23.4149,34.801,67.282262,67.94932,67.718851,23.9699,35.5886,67.35274779
469,67.47675,67.224944,24.216,36.1062,67.06881367,24.3843,36.2607,67.24718497,67.842603,67.672552,24.9581,37.064,67.3378480466
468,67.416931,67.07909,25.067,37.3971,67.02926163,25.2365,37.5454,67.21595721,67.733733,67.607521,25.8312,38.3625,67.3345063539
467,67.374467,66.922619,25.7417,38.4283,66.98630957,25.9156,38.5799,67.17383923,67.622387,67.532925,26.5117,39.397,67.2937025662
466,67.33407,66.781667,26.1935,39.1208,66.95543036,26.3661,39.2772,67.12825762,67.474341,67.41846,26.9434,40.0808,67.2227101255
465,67.306451,66.625077,26.3638,39.388,66.93358383,26.5363,39.5448,67.10439805,67.303025,67.304261,27.0917,40.3191,67.1932161184
464,67.266845,66.429023,26.2057,39.1825,66.88113316,26.3874,39.3406,67.07421849,67.126038,67.229872,26.924,40.0713,67.1902334089
463,67.223178,66.224879,25.7439,38.5116,66.84713177,25.9228,38.6677,67.03993255,66.957536,67.154424,26.4224,39.337,67.1693316725
462,67.199809,66.034037,25.002,37.4151,66.82328792,25.1716,37.5618,67.01382788,66.795141,67.065122,25.6169,38.1737,67.1061489979
461,67.16886,65.903518,24.0123,35.9428,66.80698221,24.1712,36.0926,66.9699606,66.586729,66.960629,24.5862,36.6555,67.0736997176
460,67.141371,65.754035,22.8467,34.2192,66.76573386,23.0032,34.3612,66.94527549,66.408014,66.875767,23.3846,34.8772,67.0483869118
459,67.101813,65.591023,21.5829,32.3446,66.72798551,21.7366,32.4735,66.93642509,66.291629,66.82266,22.08,32.9421,67.0266922874
458,67.052298,65.475418,20.289,30.4157,66.70568161,20.4241,30.5352,66.88706804,66.192155,66.763993,20.7467,30.9554,67.0212628491
457,67.024938,65.417298,18.9931,28.507,66.62609184,19.1217,28.611,66.83338576,66.136305,66.694734,19.4295,28.9983,67.0022035775
456,66.978757,65.387925,17.7496,26.6627,66.57090242,17.8768,26.757,66.81167545,66.039481,66.68361,18.1637,27.1218,66.9708500173
455,66.931389,65.34824,16.6013,24.9342,66.58043972,16.7123,25.0266,66.77814805,65.999426,66.65456,16.9779,25.3652,66.9338306026
454,66.906892,65.308785,15.5361,23.3338,66.58195408,15.6347,23.4317,66.72456544,66.036813,66.59097,15.8785,23.7449,66.871201816
453,66.855267,65.295,14.5602,21.8813,66.54175026,14.6557,21.9803,66.67652398,66.074231,66.573622,14.8905,22.2745,66.8499854093
452,66.844499,65.308227,13.6879,20.5876,66.48613729,13.78,20.6798,66.63507384,66.101411,66.560447,14.0093,20.9545,66.8558066286
451,66.813936,65.315978,12.911,19.4348,66.43237903,12.9981,19.5121,66.61558725,66.080499,66.546318,13.2092,19.7762,66.7934183514
450,66.76111,65.334743,12.2134,18.3996,66.37861693,12.3012,18.4662,66.61467979,66.086614,66.533375,12.4984,18.729,66.7328741524
449,66.710088,65.352605,11.5857,17.4629,66.34465066,11.6722,17.528,66.59173893,66.077728,66.498608,11.8635,17.7818,66.7170927578
448,66.678355,65.280127,11.0202,16.6157,66.32401885,11.0993,16.6766,66.55613255,66.038406,66.46199,11.2836,16.9184,66.6942500473
447,66.644764,65.259685,10.4993,15.8338,66.30941404,10.5673,15.8887,66.50827318,66.017625,66.438209,10.7486,16.1221,66.6699747551
446,66.59825,65.281555,10.0091,15.1022,66.27577439,10.0746,15.1613,66.44944695,66.009582,66.432297,10.2496,15.3782,66.6501931305
445,66.557927,65.371292,9.6287,14.5401,66.22169036,9.6947,14.5979,66.41160715,66.09078,66.44106,9.8727,14.8147,66.6412414696
444,66.48527,65.517904,9.4314,14.2542,66.16576167,9.4977,14.3075,66.38266643,66.289826,66.515439,9.6816,14.5473,66.5525561444
443,66.43404,65.661582,9.4017,14.2159,66.13510224,9.467,14.2655,66.36290351,66.436923,66.608269,9.6576,14.5215,66.5055262886
442,66.376174,65.708004,9.4131,14.2418,66.09487565,9.4799,14.2905,66.33707708,66.439011,66.572266,9.678,14.5441,66.5424467654
441,66.336377,65.641349,9.3959,14.2221,66.06548963,9.4595,14.2747,66.26759231,66.386824,66.489364,9.6551,14.5173,66.5075461691
440,66.316908,65.582816,9.3566,14.1729,66.01754052,9.4144,14.2171,66.21884913,66.253434,66.419268,9.6083,14.4586,66.4538752023
439,66.314378,65.518255,9.3019,14.0978,65.98121693,9.3631,14.1425,66.20540923,66.215986,66.38627,9.5516,14.3878,66.3867999277
438,66.284344,65.483998,9.2363,14.0113,65.92036428,9.2986,14.0627,66.12243737,66.246593,66.344594,9.4846,14.2978,66.3360796766
437,66.203055,65.455203,9.1692,13.9157,65.89104393,9.2299,13.967,66.08362569,66.146074,66.263053,9.4166,14.1916,66.3533357761
436,66.140323,65.341168,9.1019,13.8184,65.86797314,9.1625,13.8627,66.09462803,66.142984,66.256388,9.3421,14.0962,66.273889417
435,66.104158,65.317781,9.0264,13.7186,65.79680142,9.0879,13.7577,66.05682636,66.104429,66.21621,9.2667,13.9964,66.2077391329
434,66.057791,65.288638,8.9497,13.6101,65.75778282,9.0085,13.6501,65.99585351,65.993143,66.201292,9.1948,13.8834,66.2287335955
433,65.977453,65.261037,8.8709,13.5047,65.68750139,8.9299,13.5416,65.94420157,65.983035,66.153805,9.1131,13.7707,66.1774637455
432,65.928709,65.194729,8.7944,13.4015,65.62250494,8.8515,13.4318,65.89958159,65.95876,66.097894,9.0302,13.654,66.1359308628
431,65.953552,65.187418,8.7127,13.2861,65.5775585,8.7764,13.3192,65.89284642,65.914954,66.064012,8.9486,13.5427,66.076927053
430,65.915125,65.11097,8.636,13.1733,65.55684604,8.6981,13.2108,65.8408272,65.910528,65.997459,8.8749,13.4317,66.074286948
429,65.836233,65.05696,8.557,13.0582,65.52970547,8.6168,13.1005,65.77458876,65.840962,65.948725,8.7938,13.3175,66.0319128966
428,65.773505,64.982243,8.476,12.9467,65.46842052,8.5339,12.9837,65.72779716,65.721985,65.889591,8.7084,13.209,65.927776516
427,65.713246,64.970451,8.3993,12.8315,65.45844212,8.4546,12.8698,65.69332857,65.649132,65.851371,8.6277,13.0914,65.9035702828
426,65.681742,64.894033,8.3155,12.7143,65.4027355,8.3759,12.7559,65.66294813,65.630713,65.802316,8.5504,12.9726,65.9112282811
425,65.656326,64.850799,8.2335,12.6038,65.32553674,8.2935,12.6341,65.6437736,65.585393,65.780986,8.4676,12.8524,65.8834147708
424,65.593895,64.854415,8.1527,12.492,65.26336856,8.2077,12.5189,65.56246955,65.561487,65.734921,8.3769,12.7319,65.7945789709
423,65.551131,64.826923,8.0689,12.3677,65.24171835,8.1242,12.4011,65.51193039,65.558311,65.647895,8.2929,12.6164,65.7311118861
422,65.478369,64.795121,7.9869,12.2492,65.20344186,8.042,12.2811,65.48273363,65.494033,65.600148,8.2156,12.5002,65.72374842
421,65.404193,64.726669,7.9024,12.1297,65.14917929,7.9569,12.1567,65.45279558,65.433712,65.60145,8.1262,12.3728,65.6779387043
420,65.345647,64.638095,7.8199,12.0077,65.1240454,7.87,12.0356,65.38934494,65.373295,65.592194,8.0407,12.2479,65.6496215678
419,65.335051,64.528983,7.7313,11.8818,65.06842398,7.7791,11.9113,65.30857253,65.322223,65.519625,7.9544,12.1208,65.6260312851
418,65.298362,64.551767,7.6407,11.757,64.98851748,7.6903,11.7842,65.25941515,65.340438,65.444516,7.8689,11.9947,65.6031413874
417,65.243218,64.57008,7.5526,11.6346,64.91499493,7.5983,11.6525,65.20746621,65.269159,65.383459,7.776,11.8565,65.5842786657
416,65.160636,64.455246,7.4557,11.4926,64.87391887,7.5032,11.516,65.15456756,65.198423,65.36282,7.6747,11.7203,65.4821122326
415,65.111497,64.441433,7.3554,11.3497,64.8069993,7.4092,11.376,65.13009845,65.146539,65.300754,7.5832,11.577,65.5022890213
414,65.028584,64.305547,7.2548,11.1995,64.77789187,7.3083,11.2316,65.06909078,65.071485,65.240029,7.4802,11.4234,65.4813803246
413,64.985145,64.254174,7.1589,11.054,64.76298173,7.2052,11.0847,65.00130811,64.972076,65.203923,7.3741,11.2827,65.3575828481
412,64.945785,64.185711,7.0523,10.9017,64.68991075,7.1015,10.9284,64.98206508,64.897952,65.13939,7.2711,11.1323,65.3153436397
411,64.891506,64.077908,6.9451,10.7465,64.62662262,6.9906,10.773,64.89000278,64.917366,65.075053,7.1673,10.977,65.2937961192
410,64.86165,64.065279,6.8345,10.5869,64.55619681,6.8814,10.6151,64.82652071,64.820897,65.070396,7.0588,10.8148,65.2698154381
409,64.748007,63.973427,6.7266,10.4237,64.53178814,6.7719,10.4539,64.77869503,64.726564,64.988853,6.9446,10.6481,65.2191470779
408,64.628395,63.875871,6.6139,10.2667,64.42089474,6.6587,10.2931,64.69090944,64.709078,64.893492,6.831,10.479,65.1875178929
407,64.549833,63.885906,6.5003,10.0972,64.3772531,6.5454,10.1229,64.65933675,64.616515,64.83603,6.708,10.3096,65.0655699542
406,64.503909,63.832105,6.3845,9.9216,64.34950008,6.4312,9.9497,64.63712474,64.611195,64.762395,6.5891,10.132,65.032570075
405,64.43482,63.677344,6.2701,9.7499,64.30937753,6.3118,9.7811,64.53057427,64.56732,64.673098,6.471,9.963,64.9503161698
404,64.356975,63.65124,6.1503,9.5854,64.16320654,6.198,9.6149,64.46244891,64.450039,64.632918,6.3521,9.7864,64.9074225456
403,64.380335,63.62183,6.0423,9.4228,64.12425181,6.0832,9.4447,64.40861012,64.453183,64.633401,6.2306,9.6163,64.7920717948
402,64.255425,63.505912,5.9381,9.2632,64.10419725,5.9744,9.281,64.37237367,64.358067,64.571498,6.1224,9.4491,64.7934723942
401,64.21128,63.465655,5.8286,9.0981,64.06392543,5.8651,9.1191,64.31665406,64.299837,64.511625,6.0069,9.2826,64.7113955142
400,64.186001,63.423213,5.7192,8.9383,63.98532159,5.7581,8.9639,64.23654882,64.294769,64.482133,5.9027,9.1169,64.7445952023
399,64.132983,63.333563,5.6159,8.7808,63.9565871,5.6539,8.8122,64.15991466,64.192728,64.354201,5.7935,8.9628,64.6393984023
398,64.029393,63.36132,5.516,8.6359,63.87290265,5.5517,8.6584,64.11923681,64.109699,64.300845,5.692,8.8155,64.5680902955
397,63.971392,63.360958,5.418,8.485,63.85385975,5.4504,8.5103,64.04474578,63.973535,64.316618,5.5898,8.6556,64.5801561995
396,63.913196,63.262875,5.3201,8.3395,63.79399245,5.3555,8.3653,64.02041768,63.930254,64.272956,5.4883,8.5047,64.5325525886
395,63.849315,63.186081,5.2237,8.203,63.68036084,5.2589,8.2245,63.94188097,63.959328,64.202749,5.386,8.3596,64.428920044
394,63.741464,63.073929,5.133,8.0711,63.59727918,5.1652,8.0837,63.89648305,63.850648,64.09185,5.2885,8.2255,64.2939638928
393,63.667593,63.002361,5.0381,7.9284,63.54497755,5.0744,7.9508,63.82250843,63.817223,64.008957,5.2025,8.0893,64.313352206
392,63.611994,63.031007,4.9485,7.7922,63.50581351,4.9848,7.82,63.74424552,63.835767,63.931374,5.1076,7.948,64.2627075994
391,63.569313,62.903606,4.8621,7.6706,63.38617579,4.9001,7.6934,63.6922557,63.70362,63.930176,5.0176,7.82,64.1636828645
390,63.464808,62.758521,4.7828,7.5486,63.36009326,4.8132,7.5667,63.61029247,63.622824,63.846334,4.9292,7.6943,64.063007681
389,63.334215,62.695,4.6997,7.4282,63.26835573,4.7323,7.4435,63.5762746,63.616076,63.757479,4.8463,7.5724,63.9995245893
388,63.26093,62.719437,4.6196,7.3066,63.22502943,4.6491,7.324,63.47760786,63.555771,63.662569,4.7629,7.4472,63.9555806209
387,63.202078,62.638308,4.5387,7.1972,63.06202412,4.5715,7.2082,63.42082628,63.49594,63.640193,4.6823,7.3325,63.8568019093
386,63.081142,62.515868,4.4615,7.073,63.07790188,4.4963,7.0906,63.41212309,63.335023,63.527253,4.6034,7.2168,63.7872741381
385,62.969976,62.5694,4.3843,6.9619,62.97562447,4.4167,6.9783,63.29191924,63.249758,63.46664,4.5258,7.0903,63.8308675232
384,62.938536,62.498039,4.3062,6.854,62.82754596,4.3397,6.8694,63.17436748,63.171633,63.421229,4.4471,6.9756,63.7522220311
383,62.833896,62.373126,4.2328,6.7483,62.72394529,4.2645,6.7617,63.06845912,63.137585,63.271673,4.3672,6.8734,63.5376960456
382,62.788859,62.254407,4.1618,6.6343,62.73156173,4.1947,6.6528,63.05164743,62.968176,63.175914,4.294,6.7595,63.5254086841
381,62.730269,62.114892,4.0909,6.5269,62.67753451,4.1191,6.5434,62.95045389,62.881776,63.061988,4.222,6.6564,63.4276786251
380,62.609539,62.101246,4.0198,6.4262,62.55329744,4.0487,6.4413,62.85532424,62.766944,63.066488,4.148,6.5544,63.2857317222
379,62.451676,62.089369,1.3681,2.1868,62.56173404,1.3768,2.1927,62.79016737,62.982108,63.082644,1.4246,2.2477,63.380344352
378,62.20755,61.828379,0.8915,1.4306,62.31651056,0.8996,1.4334,62.75987163,62.585532,62.925168,0.9388,1.4857,63.1890691257
377,62.178779,61.941801,1.037,1.6686,62.14790843,1.0433,1.6687,62.5217235,62.696898,62.778516,1.0862,1.7247,62.9790688236
376,62.184144,61.759169,1.1818,1.9009,62.17055079,1.1895,1.9056,62.42128463,62.660586,62.664545,1.2366,1.9662,62.8928898383
375,62.009567,61.611579,1.3197,2.132,61.89962477,1.3319,2.1377,62.30528138,62.592692,62.658879,1.3866,2.2044,62.9014697877
374,61.878351,61.692171,1.4546,2.3558,61.74547924,1.4694,2.3598,62.26798881,62.525609,62.477544,1.5241,2.4267,62.805455969
373,61.743267,61.504833,1.584,2.5706,61.61985529,1.5987,2.5754,62.07579405,62.207071,62.375831,1.6568,2.6462,62.6105358627
372,61.627913,61.354104,1.7095,2.7655,61.81522329,1.72,2.7749,61.98421565,62.161471,62.235464,1.7765,2.8434,62.4780192727
371,61.406962,61.157885,1.815,2.9505,61.51499746,1.831,2.9608,61.84139422,62.031094,62.137051,1.8935,3.0318,62.4546474042
370,61.346755,61.061099,1.9125,3.1192,61.31379841,1.9283,3.1269,61.66810579,61.932492,61.984331,1.9894,3.2001,62.1668072873
369,61.112154,60.813419,2.0027,3.2717,61.21282514,2.0168,3.2802,61.48405585,61.598586,61.749732,2.0797,3.3581,61.9308537566
368,60.91801,60.628883,2.0832,3.4039,61.20038779,2.0958,3.4153,61.36503382,61.58003,61.645176,2.1626,3.4897,61.970943061
367,60.748726,60.5365,2.1474,3.5303,60.8276917,2.1603,3.5368,61.08063786,61.41522,61.445869,2.2304,3.6142,61.7121354657
366,60.480312,60.426725,2.2028,3.6388,60.53644058,2.2194,3.6432,60.91897233,61.114874,61.249282,2.2879,3.7251,61.4184854098
365,60.258095,60.178354,2.2514,3.7196,60.52801376,2.2678,3.7357,60.70615949,60.913748,61.0761,2.3331,3.8149,61.1575663844
364,60.06909,59.81982,2.2829,3.798,60.10795155,2.303,3.8119,60.41606548,60.690644,60.847518,2.3703,3.885,61.0115830116
363,59.699965,59.602819,2.3149,3.8644,59.90321913,2.3285,3.8701,60.16640397,60.481035,60.541169,2.3992,3.9448,60.8193064287
362,59.435381,59.349168,2.3363,3.9144,59.68475373,2.3484,3.9228,59.86540226,60.191718,60.241241,2.414,3.9962,60.4073870177
361,59.110686,58.916695,2.3441,3.949,59.35933148,2.359,3.9582,59.59779698,59.794691,59.963847,2.4232,4.0395,59.9876222305
360,58.695098,58.57293,2.3384,3.9755,58.82027418,2.3591,3.9876,59.16089879,59.425346,59.558303,2.4305,4.0592,59.8763303114
359,58.28546,58.236725,2.3342,3.9961,58.41195165,2.3514,4.0042,58.72334049,58.992071,59.194374,2.4163,4.0791,59.2361060038
358,57.717681,57.577487,2.3201,4.007,57.90117295,2.3391,4.0158,58.24742268,58.480734,58.590429,2.4046,4.0877,58.8252562566
357,57.053129,57.053391,2.3017,4.0078,57.4305105,2.3165,4.0176,57.65880127,57.959359,58.155399,2.3812,4.0863,58.2727650931
356,56.454379,56.394725,2.2668,3.9978,56.70118565,2.2886,4.0086,57.09225166,57.343234,57.493273,2.3533,4.0831,57.6351301707
355,55.762807,55.761945,2.2324,3.9862,56.00321108,2.252,3.9967,56.34648585,56.725673,56.816575,2.3146,4.0663,56.9215257113
354,54.958013,54.84518,2.1892,3.9717,55.11997381,2.206,3.9778,55.45779074,55.821241,55.917632,2.2747,4.0475,56.200123533
353,54.041991,53.992053,2.1428,3.9519,54.22201979,2.1547,3.9555,54.47351789,54.904577,55.030609,2.2216,4.0218,55.2389477348
352,52.912681,52.778761,2.0772,3.9146,53.06289276,2.0998,3.9255,53.491275,53.932738,53.973089,2.161,3.9989,54.0398609618
351,51.611152,51.644752,2.015,3.8898,51.80214921,2.0319,3.8918,52.2097744,52.770007,52.868111,2.0959,3.9562,52.9776047723
350,50.276224,50.152434,1.9438,3.8486,50.50667775,1.9605,3.8577,50.82043705,51.32763,51.453371,2.024,3.9242,51.5773915703
349,48.666391,48.819268,1.8685,3.8076,49.07290682,1.8799,3.8181,49.23653126,49.803796,49.985725,1.9439,3.8759,50.1535127325
348,46.986691,46.8877,1.7749,3.7636,47.15963439,1.7926,3.7763,47.46974552,48.214277,48.230072,1.8542,3.8357,48.3405897229
347,44.851569,44.943074,1.6809,3.7266,45.10545806,1.6965,3.7332,45.44358727,46.225152,46.188574,1.7585,3.7898,46.400865481
346,42.652825,42.588269,1.5801,3.6752,42.99357858,1.5902,3.6863,43.13810596,44.06578,44.051186,1.6543,3.7437,44.1889040254
345,40.118469,40.08866,1.4673,3.6278,40.44600033,1.4784,3.6398,40.61761635,41.429357,41.527346,1.5435,3.6988,41.7297501893
344,37.291599,37.302224,1.3463,3.5818,37.58724664,1.3591,3.5936,37.82001336,38.844209,38.844277,1.4232,3.6465,39.029206088
343,34.22924,34.333937,1.2208,3.5375,34.51024735,1.2316,3.5487,34.70566686,35.760479,35.808199,1.2935,3.6119,35.8121764168
342,30.931387,30.893271,1.091,3.4941,31.22406342,1.098,3.506,31.31774102,32.498832,32.495428,1.1614,3.562,32.6052779337
341,27.347228,27.356168,0.9518,3.4474,27.60921274,0.963,3.4603,27.82995694,28.963867,28.973804,1.0237,3.5167,29.1096766855
340,23.640345,23.686304,0.8098,3.4118,23.7352717,0.8199,3.4147,24.01089408,25.267529,25.259944,0.8782,3.4723,25.2915934683
339,19.782881,19.809906,0.6701,3.3602,19.94226534,0.6798,3.3735,20.1511783,21.386318,21.421559,0.7358,3.4351,21.4200459957
338,15.960382,15.989422,0.5368,3.3212,16.16283271,0.5388,3.3286,16.18698552,17.490872,17.502651,0.5934,3.3805,17.5536163289
337,12.202676,12.199727,0.3999,3.2722,12.22113563,0.4076,3.2804,12.42531399,13.69982,13.605004,0.4587,3.3354,13.7524734665
336,8.777114,8.787622,0.2813,3.2251,8.722210164,0.2887,3.233,8.929786576,10.04303,9.987108,0.3313,3.285,10.0852359209
335,5.844738,5.802585,0.1871,3.1694,5.903325551,0.1893,3.1794,5.953953576,6.89668,6.813282,0.2207,3.2358,6.8205698745
334,3.519592,3.539489,0.11,3.1194,3.526319164,0.1126,3.129,3.5985938,4.278508,4.263871,0.1375,3.1789,4.3253955771
333,1.855394,1.865512,0.0541,3.0658,1.764629134,0.0583,3.0755,1.895626727,2.412103,2.367491,0.0751,3.1237,2.4042001473
332,0.831534,0.856257,0.0232,3.012,0.770252324,0.0258,3.0199,0.854332925,1.144895,1.127185,0.034,3.0713,1.1070230847
331,0.321643,0.320845,0.0094,2.9511,0.318525296,0.009,2.9592,0.304136253,0.487773,0.460848,0.0143,3.0115,0.474846422
330,0.112329,0.136454,0.0012,2.8941,0.041463667,0.0019,2.9026,0.065458554,0.176019,0.163507,0.0081,2.9502,0.2745576571
329,0.046421,0.039526,-0.0029,2.8334,-0.102350533,0.0005,2.8402,0.017604394,0.064454,0.058109,0.0024,2.8825,0.0832610581
328,0.024994,0.046879,-0.0017,2.7704,-0.06136298,-0.0006,2.7771,-0.021605272,0.055995,0.030753,0.0004,2.8257,0.0141557844
327,0.011455,0.02881,0.0007,2.7054,0.025874178,0,2.7148,0,0.0325,0.028126,0.0016,2.7551,0.0580741171
326,0.023321,0.058002,-0.0034,2.6387,-0.128851328,-0.0007,2.6465,-0.026450028,0.056028,0.016057,0.0051,2.686,0.1898734177
325,0.032811,0.024388,-0.0029,2.5717,-0.112765875,-0.001,2.5789,-0.038776222,0.036183,0.021146,0.0006,2.6187,0.022912132
324,0.031001,0.033279,-0.0018,2.5053,-0.071847683,-0.0001,2.5095,-0.003984858,0.059594,0.026394,0.0012,2.5546,0.046974086
323,0.028813,0.051131,0.0005,2.4311,0.020566822,0,2.4384,0,0.026142,0.037889,0.0017,2.4756,0.0686702214
322,0.017726,0.04156,-0.003,2.3606,-0.127086334,-0.0002,2.3666,-0.008450942,0.073444,0.040515,0.0038,2.4057,0.1579581826
321,0.018291,0.058643,-0.0032,2.2919,-0.139622148,0.0001,2.2951,0.004357109,0.04661,0.029709,-0.0002,2.3368,-0.0085587128
320,0.032714,0.022673,-0.0005,2.3801,-0.021007521,-0.0002,2.3886,-0.008373106,0.049763,0.032302,0.0001,2.4303,0.0041147183
319,0.003277,0.002218,0.004,5.7063,0.070097962,0.0006,5.7188,0.010491712,-0.000097,0.006168,0.0002,5.8155,0.0034390852
318,-0.004724,-0.00636,-0.0017,5.7889,-0.029366546,-0.0003,5.7923,-0.00517929,0.004912,-0.001061,0.0044,5.9052,0.0745106008
317,-0.004437,-0.023206,-0.003,5.8783,-0.051035163,-0.0001,5.8868,-0.001698716,-0.01021,0.000868,0.0012,5.988,0.0200400802
316,-0.013027,-0.017054,-0.0012,5.9605,-0.020132539,0.0002,5.9787,0.003345209,-0.008679,0,0.0011,6.0831,0.0180828854
315,-0.010623,-0.021697,0.0018,6.0617,0.02969464,0.0007,6.0718,0.011528706,-0.008388,-0.002703,0.002,6.1772,0.0323771288
314,-0.007733,-0.015429,-0.0033,6.1604,-0.05356795,0.0002,6.1776,0.003237503,-0.019851,-0.004731,0.0038,6.2816,0.0604941416
313,-0.004836,-0.023731,-0.003,6.2772,-0.047792009,-0.0006,6.2876,-0.009542592,-0.012157,-0.004348,0.0009,6.4021,0.0140578873
312,-0.008507,-0.027714,-0.0015,6.3952,-0.023455091,-0.0005,6.4157,-0.007793382,-0.02374,-0.006477,0.0011,6.5318,0.0168406871
311,-0.011802,-0.018462,0.0004,6.5368,0.006119202,0.0002,6.5428,0.003056795,-0.010628,-0.008318,0.0025,6.668,0.0374925015
310,-0.013062,-0.024656,-0.0035,6.6769,-0.052419536,-0.0001,6.6854,-0.001495797,-0.025703,-0.003969,0.0033,6.8088,0.0484666902
309,-0.010554,-0.023025,-0.0017,6.827,-0.024901128,-0.0008,6.8428,-0.011691121,-0.014593,-0.008517,0.0001,6.9701,0.0014346996
308,-0.006396,-0.028065,-0.0004,6.9857,-0.005725983,-0.0008,7,-0.011428571,-0.030626,-0.008331,0.0013,7.1271,0.018240238
307,-0.00902,-0.019485,-0.001,7.1443,-0.013997173,0,7.16,0,-0.014686,-0.008048,0.004,7.2956,0.0548275673
306,-0.011835,-0.031977,-0.0038,7.315,-0.051948052,0.0001,7.3218,0.001365784,-0.024771,-0.006983,0.0024,7.4598,0.0321724443
305,-0.013201,-0.020757,-0.0017,7.4611,-0.022784844,0,7.4854,0,-0.014846,-0.007089,0.0006,7.624,0.0078698846
304,-0.01234,-0.026284,0.0015,7.6194,0.019686589,-0.0004,7.6352,-0.005238894,-0.019702,-0.0034,0.0022,7.7781,0.0282845425
303,-0.006416,-0.010401,-0.002,7.7691,-0.025743008,0,7.7793,0,-0.015242,-0.007873,0.0049,7.9225,0.0618491638
302,-0.007205,-0.026044,-0.0044,7.9069,-0.055647599,0.0002,7.9166,0.002526337,-0.019051,-0.00759,0.0016,8.0575,0.0198572758
301,-0.003118,-0.019187,-0.001,8.0258,-0.012459817,0.0005,8.0472,0.006213341,-0.011577,0.000292,0.0014,8.1919,0.0170900524
300,-0.007017,-0.018118,0.0012,8.1436,0.014735498,0.0003,8.1603,0.003676335,-0.006326,-0.000292,0.0022,8.3048,0.0264907042
299,-0.001658,-0.011014,-0.0029,8.2474,-0.035162597,-0.0006,8.2611,-0.007262955,-0.012073,-0.000879,0.0054,8.4034,0.0642597044
298,0,-0.014445,-0.0022,8.3332,-0.026400422,-0.0003,8.3503,-0.003592685,-0.000488,0.002149,0.0012,8.4882,0.0141372729
297,-0.00225,-0.016824,-0.0008,8.415,-0.009506833,0.0001,8.4354,0.00118548,-0.00567,0.000391,0.0014,8.5773,0.0163221527
296,-0.001567,-0.009591,0.0012,8.4944,0.014126954,0.0001,8.5082,0.001175337,0.000587,0.00088,0.0026,8.6494,0.0300598885
295,-0.001177,-0.005485,-0.0034,8.5722,-0.039663097,0,8.5771,0,-0.008232,0.006074,0.0037,8.7272,0.0423961866
294,-0.003829,-0.009614,-0.0012,8.6404,-0.013888246,-0.0002,8.6586,-0.002309842,0,0.006281,0.0002,8.8019,0.0022722367
293,-0.004033,-0.006291,-0.0004,8.7051,-0.004595008,-0.0003,8.7283,-0.003437095,-0.004417,0.003047,0.0022,8.8782,0.0247797977
292,-0.000296,-0.003055,-0.0002,8.7836,-0.002276971,-0.0003,8.8051,-0.003407116,-0.003937,-0.002658,0.0036,8.9522,0.0402135788
291,0.001284,-0.013621,-0.0028,8.8608,-0.031599856,0.0001,8.8716,0.001127192,-0.004439,0.000592,0.0034,9.0319,0.0376443495
290,-0.00198,-0.009696,-0.0015,8.9313,-0.016794867,0.0003,8.9495,0.003352143,-0.004449,0.002571,0.0011,9.1116,0.0120725229
289,-0.007846,-0.014892,0,9.0157,0,0.0003,9.0336,0.003320935,-0.005256,0.003273,0.0023,9.1916,0.0250228469
288,-0.003588,-0.008272,-0.001,9.1063,-0.010981408,0.0003,9.1246,0.003287815,-0.012039,0.000199,0.0044,9.2875,0.0473755047
287,-0.000901,-0.022987,-0.0023,9.2033,-0.024991036,-0.0002,9.2208,-0.002169009,-0.010281,-0.002398,0.0028,9.3896,0.0298202266
286,-0.002513,-0.013449,-0.0017,9.2976,-0.018284288,0,9.3128,0,-0.009619,-0.002107,0.0018,9.4845,0.0189783331
285,-0.006359,-0.01583,0.001,9.3867,0.010653371,0,9.4073,0,-0.001208,0.000403,0.0021,9.5777,0.0219259321
284,-0.006177,-0.010013,-0.0019,9.493,-0.020014748,-0.0001,9.5014,-0.001052476,-0.012404,0.003737,0.0038,9.6848,0.0392367421
283,-0.006084,-0.017327,-0.0016,9.6021,-0.016663022,-0.0002,9.6209,-0.002078808,-0.004951,-0.001012,0.0016,9.8018,0.0163235324
282,-0.004059,-0.017335,-0.0008,9.7339,-0.0082187,0,9.7588,0,-0.006983,-0.001417,0.0013,9.9387,0.0130801815
281,-0.004161,-0.014202,0.0006,9.8915,0.006065814,-0.0005,9.908,-0.005046427,-0.008305,-0.001317,0.0026,10.0863,0.0257775398
280,-0.003657,-0.017867,-0.003,10.0445,-0.029867091,-0.0001,10.0577,-0.000994263,-0.012345,-0.001013,0.0044,10.2412,0.0429637152
279,-0.007111,-0.022341,-0.0012,10.1848,-0.011782264,-0.0001,10.2037,-0.000980037,-0.006282,-0.000507,0.0011,10.3936,0.010583436
278,-0.004575,-0.014937,0.0004,10.3261,0.003873679,0,10.3484,0,-0.004457,0.000203,0.0023,10.5364,0.0218290877
277,-0.004984,-0.008639,0.0002,10.4702,0.001910183,-0.0001,10.4897,-0.000953316,-0.008009,-0.000406,0.0028,10.6833,0.0262091301
276,-0.00468,-0.014534,-0.0032,10.6211,-0.030128706,0,10.6354,0,-0.004867,-0.003554,0.0039,10.8299,0.0360114128
275,-0.006408,-0.013014,-0.002,10.7721,-0.018566482,0.0007,10.7975,0.006482982,-0.010853,-0.000406,0.0005,10.994,0.0045479352
274,-0.007322,-0.014238,0.0003,10.9454,0.002740877,0.0004,10.9643,0.003648204,-0.004565,-0.000812,0.0018,11.157,0.0161333692
273,-0.006606,-0.01006,-0.0011,11.1318,-0.0098816,0.0001,11.1432,0.000897408,-0.015399,0,0.0034,11.3352,0.0299950596
272,-0.005285,-0.021923,-0.0024,11.3251,-0.021191866,0.0004,11.3416,0.003526839,-0.013265,-0.000811,0.0031,11.5339,0.0268772922
271,-0.005177,-0.017242,-0.0005,11.542,-0.004332005,0.0004,11.562,0.003459609,-0.013968,-0.003343,0.0015,11.762,0.0127529332
270,-0.005474,-0.01884,0.0009,11.7881,0.007634818,0.0008,11.8053,0.006776617,-0.011934,-0.003137,0.0021,12.0043,0.0174937314
269,-0.007394,-0.016286,-0.002,12.0277,-0.016628283,0.0002,12.051,0.001659613,-0.01707,-0.002022,0.0042,12.2568,0.0342666928
268,-0.007492,-0.021109,-0.0027,12.2681,-0.022008298,-0.0003,12.2949,-0.002440036,-0.015344,-0.002426,0.002,12.5014,0.0159982082
267,-0.008391,-0.01777,-0.0009,12.5324,-0.007181386,-0.0003,12.5556,-0.002389372,-0.011491,-0.002322,0.0018,12.77,0.0140955364
266,-0.006463,-0.017858,0.0007,12.8184,0.0054609,-0.0003,12.8367,-0.002337049,-0.014702,-0.004843,0.0024,13.0497,0.0183912274
265,-0.007168,-0.017644,-0.0023,13.1064,-0.017548679,0.0003,13.1187,0.002286812,-0.01329,-0.004637,0.0039,13.3304,0.0292564364
264,-0.007561,-0.02105,-0.0016,13.3757,-0.011961991,0.0004,13.3909,0.002987103,-0.015901,-0.002417,0.0018,13.61,0.0132255694
263,-0.00705,-0.021043,-0.0002,13.6463,-0.001465599,-0.0001,13.6662,-0.000731732,-0.012366,-0.003219,0.0025,13.8904,0.0179980418
262,-0.006944,-0.016497,0.0006,13.9227,0.004309509,-0.0001,13.9356,-0.000717587,-0.018586,-0.006836,0.0033,14.1661,0.0232950494
261,-0.005931,-0.021395,-0.0025,14.1907,-0.017617172,0.0002,14.2051,0.001407945,-0.01646,-0.005122,0.004,14.4509,0.0276799369
260,-0.009346,-0.022088,-0.0005,14.4691,-0.00345564,0.001,14.4862,0.006903122,-0.013033,-0.003814,0.0014,14.7321,0.0095030579
259,-0.007531,-0.019557,0.0002,14.7559,0.00135539,0.0006,14.7768,0.004060419,-0.008817,-0.003812,0.0021,15.0296,0.0139724277
258,-0.009527,-0.01513,-0.0014,15.0602,-0.009296025,0.0003,15.081,0.001989258,-0.013921,-0.004011,0.0033,15.344,0.0215067779
257,-0.006615,-0.022424,-0.003,15.3804,-0.019505344,0.0005,15.3965,0.003247491,-0.014017,-0.005814,0.0028,15.6682,0.0178705914
256,-0.006612,-0.018027,-0.0009,15.6925,-0.005735224,0.0003,15.7154,0.001908956,-0.01391,-0.004807,0.001,15.9989,0.0062504297
255,-0.007815,-0.019104,0.0013,16.0205,0.008114603,0.0006,16.0432,0.003739902,-0.015811,-0.005608,0.002,16.3264,0.012250098
254,-0.006407,-0.018504,-0.0013,16.3358,-0.007957982,0.0001,16.3566,0.000611374,-0.014003,-0.003004,0.0039,16.6556,0.0234155479
253,-0.006509,-0.023006,-0.0026,16.6163,-0.015647286,0.0002,16.6431,0.001201699,-0.008401,-0.001302,0.0021,16.945,0.0123930363
252,-0.005207,-0.015006,-0.0007,16.8686,-0.004149722,0,16.8953,0,-0.0057,-0.003005,0.0011,17.2038,0.0063939362
251,-0.003104,-0.011307,0.0006,17.0933,0.003510147,0.0001,17.1228,0.000584017,-0.008,-0.003905,0.003,17.4225,0.0172191132
250,-0.003305,-0.010304,-0.002,17.2965,-0.011563033,0.0002,17.3178,0.001154881,-0.004102,-0.001702,0.0041,17.6244,0.0232632033
